x,y,R,G,B,,
,,,,,,
1,2,0,0,0,,thisMapaVsechPismenNaVsechRadcich.json
1,6,0,0,0,,
1,7,0,0,0,,
1,8,0,0,0,,
1,9,0,0,0,,
1,10,0,0,0,,
2,2,0,0,0,,
2,6,0,0,0,,
2,10,0,0,0,,
3,2,0,0,0,,
3,6,0,0,0,,
3,10,0,0,0,,
3,11,0,0,0,,
4,1,0,0,0,,
4,2,0,0,0,,
4,5,0,0,0,,
4,6,0,0,0,,
4,10,0,0,0,,
4,11,0,0,0,,
5,1,0,0,0,,
5,2,0,0,0,,
5,5,0,0,0,,
5,6,0,0,0,,
5,10,0,0,0,,
6,2,0,0,0,,
6,5,0,0,0,,
6,6,0,0,0,,
6,10,0,0,0,,
7,2,0,0,0,,
7,3,0,0,0,,
7,4,0,0,0,,
7,5,0,0,0,,
7,6,0,0,0,,
7,7,0,0,0,,
7,8,0,0,0,,
7,9,0,0,0,,
7,10,0,0,0,,
8,3,0,0,0,,
8,4,0,0,0,,
8,5,0,0,0,,
8,6,0,0,0,,
8,7,0,0,0,,
8,8,0,0,0,,
8,9,0,0,0,,
8,10,0,0,0,,
8,11,0,0,0,,
,,,,,,
,,,,,,
,,,,,,
1,1,0,0,0,,thisMapaVsechPismenNaVsechRadcich.json
1,2,0,0,0,,
1,3,0,0,0,,
1,4,0,0,0,,
1,5,0,0,0,,
1,6,0,0,0,,
1,7,0,0,0,,
1,8,0,0,0,,
1,9,0,0,0,,
1,10,0,0,0,,
1,11,0,0,0,,
1,12,0,0,0,,
1,13,0,0,0,,
1,14,0,0,0,,
1,15,0,0,0,,
2,1,0,0,0,,
2,2,0,0,0,,
2,3,0,0,0,,
2,4,0,0,0,,
2,5,0,0,0,,
2,6,0,0,0,,
2,7,0,0,0,,
2,8,0,0,0,,
2,9,0,0,0,,
2,10,0,0,0,,
2,11,0,0,0,,
2,12,0,0,0,,
2,13,0,0,0,,
3,6,0,0,0,,
3,7,0,0,0,,
3,13,0,0,0,,
4,6,0,0,0,,
4,14,0,0,0,,
5,6,0,0,0,,
5,14,0,0,0,,
6,5,0,0,0,,
6,6,0,0,0,,
6,14,0,0,0,,
6,15,0,0,0,,
7,5,0,0,0,,
7,6,0,0,0,,
7,14,0,0,0,,
7,15,0,0,0,,
8,6,0,0,0,,
8,7,0,0,0,,
8,13,0,0,0,,
8,14,0,0,0,,
9,7,0,0,0,,
9,8,0,0,0,,
9,9,0,0,0,,
9,10,0,0,0,,
9,11,0,0,0,,
9,12,0,0,0,,
9,13,0,0,0,,
,,,,,,
,,,,,,
,,,,,,
1,3,0,0,0,,thisMapaVsechPismenNaVsechRadcich.json
1,4,0,0,0,,
1,5,0,0,0,,
1,6,0,0,0,,
1,7,0,0,0,,
1,8,0,0,0,,
1,9,0,0,0,,
2,2,0,0,0,,
2,3,0,0,0,,
2,9,0,0,0,,
2,10,0,0,0,,
3,2,0,0,0,,
3,10,0,0,0,,
4,1,0,0,0,,
4,2,0,0,0,,
4,10,0,0,0,,
4,11,0,0,0,,
5,1,0,0,0,,
5,2,0,0,0,,
5,10,0,0,0,,
5,11,0,0,0,,
6,2,0,0,0,,
6,10,0,0,0,,
7,2,0,0,0,,
7,10,0,0,0,,
,,,,,,
,,,,,,
,,,,,,
1,1,0,0,0,,thisMapaVsechPismenNaVsechRadcich.json
1,11,0,0,0,,
2,1,0,0,0,,
2,2,0,0,0,,
2,9,0,0,0,,
2,10,0,0,0,,
2,11,0,0,0,,
3,2,0,0,0,,
3,3,0,0,0,,
3,4,0,0,0,,
3,8,0,0,0,,
3,9,0,0,0,,
4,4,0,0,0,,
4,5,0,0,0,,
4,6,0,0,0,,
4,7,0,0,0,,
5,5,0,0,0,,
5,6,0,0,0,,
5,7,0,0,0,,
6,5,0,0,0,,
6,6,0,0,0,,
6,7,0,0,0,,
6,8,0,0,0,,
7,3,0,0,0,,
7,4,0,0,0,,
7,7,0,0,0,,
7,8,0,0,0,,
7,9,0,0,0,,
7,10,0,0,0,,
8,1,0,0,0,,
8,2,0,0,0,,
8,3,0,0,0,,
8,9,0,0,0,,
8,10,0,0,0,,
8,11,0,0,0,,
9,1,0,0,0,,
9,11,0,0,0,,
,,,,,,
,,,,,,
,,,,,,
1,1,0,0,0,,thisMapaVsechPismenNaVsechRadcich.json
1,2,0,0,0,,
2,1,0,0,0,,
2,2,0,0,0,,
2,3,0,0,0,,
2,4,0,0,0,,
2,5,0,0,0,,
3,4,0,0,0,,
3,5,0,0,0,,
3,6,0,0,0,,
3,7,0,0,0,,
4,7,0,0,0,,
4,8,0,0,0,,
4,9,0,0,0,,
4,10,0,0,0,,
4,14,0,0,0,,
4,15,0,0,0,,
5,8,0,0,0,,
5,9,0,0,0,,
5,10,0,0,0,,
5,11,0,0,0,,
5,12,0,0,0,,
5,13,0,0,0,,
5,14,0,0,0,,
6,8,0,0,0,,
6,9,0,0,0,,
6,10,0,0,0,,
6,11,0,0,0,,
7,5,0,0,0,,
7,6,0,0,0,,
7,7,0,0,0,,
7,8,0,0,0,,
7,9,0,0,0,,
8,2,0,0,0,,
8,3,0,0,0,,
8,4,0,0,0,,
8,5,0,0,0,,
8,6,0,0,0,,
9,1,0,0,0,,
9,2,0,0,0,,
,,,,,,
,,,,,,
,,,,,,
1,1,0,0,0,,thisMapaVsechPismenNaVsechRadcich.json
1,2,0,0,0,,
1,9,0,0,0,,
1,10,0,0,0,,
1,11,0,0,0,,
2,1,0,0,0,,
2,2,0,0,0,,
2,7,0,0,0,,
2,8,0,0,0,,
2,9,0,0,0,,
2,10,0,0,0,,
2,11,0,0,0,,
3,1,0,0,0,,
3,2,0,0,0,,
3,6,0,0,0,,
3,7,0,0,0,,
3,10,0,0,0,,
3,11,0,0,0,,
4,1,0,0,0,,
4,2,0,0,0,,
4,4,0,0,0,,
4,5,0,0,0,,
4,6,0,0,0,,
4,10,0,0,0,,
4,11,0,0,0,,
5,1,0,0,0,,
5,2,0,0,0,,
5,3,0,0,0,,
5,4,0,0,0,,
5,10,0,0,0,,
5,11,0,0,0,,
6,1,0,0,0,,
6,2,0,0,0,,
6,10,0,0,0,,
6,11,0,0,0,,
,,,,,,
,,,,,,
,,,,,,
1,2,0,0,0,,thisMapaVsechPismenNaVsechRadcich.json
1,3,0,0,0,,
1,4,0,0,0,,
1,5,0,0,0,,
1,6,0,0,0,,
1,7,0,0,0,,
1,8,0,0,0,,
2,1,0,0,0,,
2,2,0,0,0,,
2,4,0,0,0,,
2,5,0,0,0,,
2,8,0,0,0,,
2,9,0,0,0,,
3,1,0,0,0,,
3,4,0,0,0,,
3,5,0,0,0,,
3,9,0,0,0,,
4,1,0,0,0,,
4,4,0,0,0,,
4,5,0,0,0,,
4,9,0,0,0,,
4,10,0,0,0,,
5,1,0,0,0,,
5,4,0,0,0,,
5,5,0,0,0,,
5,9,0,0,0,,
5,10,0,0,0,,
6,1,0,0,0,,
6,4,0,0,0,,
6,5,0,0,0,,
6,9,0,0,0,,
6,10,0,0,0,,
7,1,0,0,0,,
7,2,0,0,0,,
7,4,0,0,0,,
7,5,0,0,0,,
7,9,0,0,0,,
8,2,0,0,0,,
8,3,0,0,0,,
8,4,0,0,0,,
8,5,0,0,0,,
8,9,0,0,0,,
,,,,,,
,,,,,,
,,,,,,
1,1,0,0,0,,thisMapaVsechPismenNaVsechRadcich.json
1,5,0,0,0,,
1,6,0,0,0,,
1,7,0,0,0,,
1,8,0,0,0,,
1,9,0,0,0,,
2,1,0,0,0,,
2,5,0,0,0,,
2,9,0,0,0,,
3,1,0,0,0,,
3,5,0,0,0,,
3,9,0,0,0,,
3,10,0,0,0,,
4,1,0,0,0,,
4,4,0,0,0,,
4,5,0,0,0,,
4,9,0,0,0,,
4,10,0,0,0,,
5,1,0,0,0,,
5,4,0,0,0,,
5,5,0,0,0,,
5,9,0,0,0,,
6,1,0,0,0,,
6,4,0,0,0,,
6,5,0,0,0,,
6,9,0,0,0,,
7,1,0,0,0,,
7,2,0,0,0,,
7,3,0,0,0,,
7,4,0,0,0,,
7,5,0,0,0,,
7,6,0,0,0,,
7,7,0,0,0,,
7,8,0,0,0,,
7,9,0,0,0,,
8,2,0,0,0,,
8,3,0,0,0,,
8,4,0,0,0,,
8,5,0,0,0,,
8,6,0,0,0,,
8,7,0,0,0,,
8,8,0,0,0,,
8,9,0,0,0,,
8,10,0,0,0,,
,,,,,,
,,,,,,
,,,,,,
1,1,0,0,0,,thisMapaVsechPismenNaVsechRadcich.json
1,2,0,0,0,,
2,1,0,0,0,,
2,2,0,0,0,,
2,3,0,0,0,,
2,4,0,0,0,,
2,5,0,0,0,,
3,4,0,0,0,,
3,5,0,0,0,,
3,6,0,0,0,,
3,7,0,0,0,,
3,8,0,0,0,,
4,8,0,0,0,,
4,9,0,0,0,,
4,10,0,0,0,,
4,11,0,0,0,,
5,9,0,0,0,,
5,10,0,0,0,,
5,11,0,0,0,,
6,8,0,0,0,,
6,9,0,0,0,,
6,10,0,0,0,,
7,5,0,0,0,,
7,6,0,0,0,,
7,7,0,0,0,,
8,1,0,0,0,,
8,2,0,0,0,,
8,3,0,0,0,,
8,4,0,0,0,,
9,1,0,0,0,,
9,2,0,0,0,,
9,3,0,0,0,,
9,4,0,0,0,,
10,4,0,0,0,,
10,5,0,0,0,,
10,6,0,0,0,,
10,7,0,0,0,,
11,8,0,0,0,,
11,9,0,0,0,,
11,10,0,0,0,,
12,9,0,0,0,,
12,10,0,0,0,,
12,11,0,0,0,,
13,9,0,0,0,,
13,10,0,0,0,,
13,11,0,0,0,,
14,5,0,0,0,,
14,6,0,0,0,,
14,7,0,0,0,,
14,8,0,0,0,,
15,1,0,0,0,,
15,2,0,0,0,,
15,3,0,0,0,,
15,4,0,0,0,,
15,5,0,0,0,,
16,1,0,0,0,,
16,2,0,0,0,,
,,,,,,
,,,,,,
,,,,,,
1,7,0,0,0,,thisMapaVsechPismenNaVsechRadcich.json
1,8,0,0,0,,
1,9,0,0,0,,
1,10,0,0,0,,
1,11,0,0,0,,
1,12,0,0,0,,
1,13,0,0,0,,
2,6,0,0,0,,
2,7,0,0,0,,
2,13,0,0,0,,
2,14,0,0,0,,
3,6,0,0,0,,
3,14,0,0,0,,
3,15,0,0,0,,
4,5,0,0,0,,
4,6,0,0,0,,
4,14,0,0,0,,
4,15,0,0,0,,
5,6,0,0,0,,
5,14,0,0,0,,
6,6,0,0,0,,
6,14,0,0,0,,
7,6,0,0,0,,
7,7,0,0,0,,
7,13,0,0,0,,
8,1,0,0,0,,
8,2,0,0,0,,
8,3,0,0,0,,
8,4,0,0,0,,
8,5,0,0,0,,
8,6,0,0,0,,
8,7,0,0,0,,
8,8,0,0,0,,
8,9,0,0,0,,
8,10,0,0,0,,
8,11,0,0,0,,
8,12,0,0,0,,
8,13,0,0,0,,
9,1,0,0,0,,
9,2,0,0,0,,
9,3,0,0,0,,
9,4,0,0,0,,
9,5,0,0,0,,
9,6,0,0,0,,
9,7,0,0,0,,
9,8,0,0,0,,
9,9,0,0,0,,
9,10,0,0,0,,
9,11,0,0,0,,
9,12,0,0,0,,
9,13,0,0,0,,
9,14,0,0,0,,
9,15,0,0,0,,
,,,,,,
,,,,,,
,,,,,,
1,3,0,0,0,,thisMapaVsechPismenNaVsechRadcich.json
1,4,0,0,0,,
1,5,0,0,0,,
1,6,0,0,0,,
1,7,0,0,0,,
1,8,0,0,0,,
1,9,0,0,0,,
2,2,0,0,0,,
2,3,0,0,0,,
2,9,0,0,0,,
2,10,0,0,0,,
3,2,0,0,0,,
3,10,0,0,0,,
3,11,0,0,0,,
4,1,0,0,0,,
4,2,0,0,0,,
4,10,0,0,0,,
4,11,0,0,0,,
5,2,0,0,0,,
5,10,0,0,0,,
6,2,0,0,0,,
6,10,0,0,0,,
7,3,0,0,0,,
7,9,0,0,0,,
7,10,0,0,0,,
8,3,0,0,0,,
8,4,0,0,0,,
8,5,0,0,0,,
8,6,0,0,0,,
8,7,0,0,0,,
8,8,0,0,0,,
8,9,0,0,0,,
8,10,0,0,0,,
8,11,0,0,0,,
8,12,0,0,0,,
8,13,0,0,0,,
8,14,0,0,0,,
8,15,0,0,0,,
9,1,0,0,0,,
9,2,0,0,0,,
9,3,0,0,0,,
9,4,0,0,0,,
9,5,0,0,0,,
9,6,0,0,0,,
9,7,0,0,0,,
9,8,0,0,0,,
9,9,0,0,0,,
9,10,0,0,0,,
9,11,0,0,0,,
9,12,0,0,0,,
9,13,0,0,0,,
9,14,0,0,0,,
9,15,0,0,0,,
,,,,,,
,,,,,,
,,,,,,
1,3,0,0,0,,thisMapaVsechPismenNaVsechRadcich.json
1,4,0,0,0,,
1,5,0,0,0,,
1,6,0,0,0,,
1,7,0,0,0,,
1,8,0,0,0,,
1,9,0,0,0,,
2,2,0,0,0,,
2,3,0,0,0,,
2,9,0,0,0,,
2,10,0,0,0,,
3,2,0,0,0,,
3,10,0,0,0,,
3,11,0,0,0,,
4,1,0,0,0,,
4,2,0,0,0,,
4,10,0,0,0,,
4,11,0,0,0,,
5,2,0,0,0,,
5,10,0,0,0,,
6,2,0,0,0,,
6,10,0,0,0,,
7,3,0,0,0,,
7,9,0,0,0,,
7,10,0,0,0,,
8,3,0,0,0,,
8,4,0,0,0,,
8,5,0,0,0,,
8,6,0,0,0,,
8,7,0,0,0,,
8,8,0,0,0,,
8,9,0,0,0,,
8,10,0,0,0,,
8,11,0,0,0,,
8,12,0,0,0,,
8,13,0,0,0,,
8,14,0,0,0,,
8,15,0,0,0,,
9,1,0,0,0,,
9,2,0,0,0,,
9,3,0,0,0,,
9,4,0,0,0,,
9,5,0,0,0,,
9,6,0,0,0,,
9,7,0,0,0,,
9,8,0,0,0,,
9,9,0,0,0,,
9,10,0,0,0,,
9,11,0,0,0,,
9,12,0,0,0,,
9,13,0,0,0,,
9,14,0,0,0,,
9,15,0,0,0,,
,,,,,,
,,,,,,
,,,,,,
1,1,0,0,0,,thisMapaVsechPismenNaVsechRadcich.json
1,2,0,0,0,,
1,3,0,0,0,,
1,4,0,0,0,,
1,5,0,0,0,,
1,6,0,0,0,,
1,7,0,0,0,,
1,8,0,0,0,,
1,9,0,0,0,,
1,10,0,0,0,,
1,11,0,0,0,,
1,12,0,0,0,,
1,13,0,0,0,,
1,14,0,0,0,,
1,15,0,0,0,,
2,3,0,0,0,,
2,4,0,0,0,,
2,5,0,0,0,,
2,6,0,0,0,,
2,7,0,0,0,,
2,8,0,0,0,,
2,9,0,0,0,,
2,10,0,0,0,,
2,11,0,0,0,,
2,12,0,0,0,,
2,13,0,0,0,,
2,14,0,0,0,,
2,15,0,0,0,,
3,3,0,0,0,,
3,9,0,0,0,,
3,10,0,0,0,,
4,2,0,0,0,,
4,10,0,0,0,,
5,2,0,0,0,,
5,10,0,0,0,,
6,1,0,0,0,,
6,2,0,0,0,,
6,10,0,0,0,,
6,11,0,0,0,,
7,1,0,0,0,,
7,2,0,0,0,,
7,10,0,0,0,,
7,11,0,0,0,,
8,2,0,0,0,,
8,3,0,0,0,,
8,9,0,0,0,,
8,10,0,0,0,,
9,3,0,0,0,,
9,4,0,0,0,,
9,5,0,0,0,,
9,6,0,0,0,,
9,7,0,0,0,,
9,8,0,0,0,,
9,9,0,0,0,,
,,,,,,
,,,,,,
,,,,,,
1,1,0,0,0,,thisMapaVsechPismenNaVsechRadcich.json
1,2,0,0,0,,
1,3,0,0,0,,
1,4,0,0,0,,
1,5,0,0,0,,
1,6,0,0,0,,
1,7,0,0,0,,
1,8,0,0,0,,
1,9,0,0,0,,
1,10,0,0,0,,
1,11,0,0,0,,
2,3,0,0,0,,
2,4,0,0,0,,
2,5,0,0,0,,
2,6,0,0,0,,
2,7,0,0,0,,
2,8,0,0,0,,
2,9,0,0,0,,
2,10,0,0,0,,
2,11,0,0,0,,
3,3,0,0,0,,
3,4,0,0,0,,
4,2,0,0,0,,
4,3,0,0,0,,
5,1,0,0,0,,
5,2,0,0,0,,
5,3,0,0,0,,
6,2,0,0,0,,
6,3,0,0,0,,
,,,,,,
,,,,,,
,,,,,,
1,2,0,0,0,,thisMapaVsechPismenNaVsechRadcich.json
1,3,0,0,0,,
1,4,0,0,0,,
1,5,0,0,0,,
1,10,0,0,0,,
2,2,0,0,0,,
2,5,0,0,0,,
2,6,0,0,0,,
2,10,0,0,0,,
2,11,0,0,0,,
3,1,0,0,0,,
3,2,0,0,0,,
3,5,0,0,0,,
3,6,0,0,0,,
3,10,0,0,0,,
3,11,0,0,0,,
4,1,0,0,0,,
4,2,0,0,0,,
4,6,0,0,0,,
4,10,0,0,0,,
4,11,0,0,0,,
5,2,0,0,0,,
5,6,0,0,0,,
5,7,0,0,0,,
5,10,0,0,0,,
6,2,0,0,0,,
6,7,0,0,0,,
6,8,0,0,0,,
6,9,0,0,0,,
6,10,0,0,0,,
,,,,,,
,,,,,,
,,,,,,
1,3,0,0,0,,thisMapaVsechPismenNaVsechRadcich.json
1,4,0,0,0,,
2,3,0,0,0,,
2,4,0,0,0,,
3,1,0,0,0,,
3,2,0,0,0,,
3,3,0,0,0,,
3,4,0,0,0,,
3,5,0,0,0,,
3,6,0,0,0,,
3,7,0,0,0,,
3,8,0,0,0,,
3,9,0,0,0,,
3,10,0,0,0,,
3,11,0,0,0,,
3,12,0,0,0,,
4,3,0,0,0,,
4,4,0,0,0,,
4,12,0,0,0,,
4,13,0,0,0,,
5,3,0,0,0,,
5,4,0,0,0,,
5,12,0,0,0,,
5,13,0,0,0,,
6,3,0,0,0,,
6,4,0,0,0,,
6,12,0,0,0,,
,,,,,,
,,,,,,
,,,,,,
1,3,0,0,0,,thisMapaVsechPismenNaVsechRadcich.json
1,4,0,0,0,,
1,5,0,0,0,,
1,6,0,0,0,,
1,7,0,0,0,,
1,8,0,0,0,,
1,9,0,0,0,,
2,2,0,0,0,,
2,3,0,0,0,,
2,9,0,0,0,,
2,10,0,0,0,,
3,2,0,0,0,,
3,10,0,0,0,,
3,11,0,0,0,,
4,1,0,0,0,,
4,2,0,0,0,,
4,10,0,0,0,,
4,11,0,0,0,,
5,2,0,0,0,,
5,10,0,0,0,,
6,2,0,0,0,,
6,10,0,0,0,,
7,3,0,0,0,,
7,9,0,0,0,,
7,10,0,0,0,,
8,3,0,0,0,,
8,4,0,0,0,,
8,5,0,0,0,,
8,6,0,0,0,,
8,7,0,0,0,,
8,8,0,0,0,,
8,9,0,0,0,,
8,10,0,0,0,,
8,11,0,0,0,,
8,12,0,0,0,,
8,13,0,0,0,,
8,14,0,0,0,,
8,15,0,0,0,,
9,1,0,0,0,,
9,2,0,0,0,,
9,3,0,0,0,,
9,4,0,0,0,,
9,5,0,0,0,,
9,6,0,0,0,,
9,7,0,0,0,,
9,8,0,0,0,,
9,9,0,0,0,,
9,10,0,0,0,,
9,11,0,0,0,,
9,12,0,0,0,,
9,13,0,0,0,,
9,14,0,0,0,,
,,,,,,
,,,,,,
,,,,,,
1,3,0,0,0,,thisMapaVsechPismenNaVsechRadcich.json
1,4,0,0,0,,
1,5,0,0,0,,
1,6,0,0,0,,
1,7,0,0,0,,
1,8,0,0,0,,
1,9,0,0,0,,
2,2,0,0,0,,
2,3,0,0,0,,
2,9,0,0,0,,
2,10,0,0,0,,
3,2,0,0,0,,
3,10,0,0,0,,
3,11,0,0,0,,
4,1,0,0,0,,
4,2,0,0,0,,
4,10,0,0,0,,
4,11,0,0,0,,
5,2,0,0,0,,
5,10,0,0,0,,
6,2,0,0,0,,
6,10,0,0,0,,
7,3,0,0,0,,
7,9,0,0,0,,
7,10,0,0,0,,
8,3,0,0,0,,
8,4,0,0,0,,
8,5,0,0,0,,
8,6,0,0,0,,
8,7,0,0,0,,
8,8,0,0,0,,
8,9,0,0,0,,
8,10,0,0,0,,
8,11,0,0,0,,
8,12,0,0,0,,
8,13,0,0,0,,
8,14,0,0,0,,
8,15,0,0,0,,
9,1,0,0,0,,
9,2,0,0,0,,
9,3,0,0,0,,
9,4,0,0,0,,
9,5,0,0,0,,
9,6,0,0,0,,
9,7,0,0,0,,
9,8,0,0,0,,
9,9,0,0,0,,
9,10,0,0,0,,
9,11,0,0,0,,
9,12,0,0,0,,
9,13,0,0,0,,
9,14,0,0,0,,
,,,,,,
,,,,,,
,,,,,,
1,1,0,0,0,,thisMapaVsechPismenNaVsechRadcich.json
1,2,0,0,0,,
1,3,0,0,0,,
1,4,0,0,0,,
1,5,0,0,0,,
1,6,0,0,0,,
1,7,0,0,0,,
1,8,0,0,0,,
1,9,0,0,0,,
1,10,0,0,0,,
1,11,0,0,0,,
1,12,0,0,0,,
1,13,0,0,0,,
1,14,0,0,0,,
1,15,0,0,0,,
2,3,0,0,0,,
2,4,0,0,0,,
2,5,0,0,0,,
2,6,0,0,0,,
2,7,0,0,0,,
2,8,0,0,0,,
2,9,0,0,0,,
2,10,0,0,0,,
2,11,0,0,0,,
2,12,0,0,0,,
2,13,0,0,0,,
2,14,0,0,0,,
2,15,0,0,0,,
3,3,0,0,0,,
3,9,0,0,0,,
3,10,0,0,0,,
4,2,0,0,0,,
4,10,0,0,0,,
5,2,0,0,0,,
5,10,0,0,0,,
6,1,0,0,0,,
6,2,0,0,0,,
6,10,0,0,0,,
6,11,0,0,0,,
7,1,0,0,0,,
7,2,0,0,0,,
7,10,0,0,0,,
7,11,0,0,0,,
8,2,0,0,0,,
8,3,0,0,0,,
8,9,0,0,0,,
8,10,0,0,0,,
9,3,0,0,0,,
9,4,0,0,0,,
9,5,0,0,0,,
9,6,0,0,0,,
9,7,0,0,0,,
9,8,0,0,0,,
,,,,,,
,,,,,,
,,,,,,
1,1,0,0,0,,thisMapaVsechPismenNaVsechRadcich.json
1,2,0,0,0,,
1,3,0,0,0,,
1,4,0,0,0,,
1,5,0,0,0,,
1,6,0,0,0,,
1,7,0,0,0,,
1,8,0,0,0,,
1,9,0,0,0,,
1,10,0,0,0,,
1,11,0,0,0,,
2,3,0,0,0,,
2,4,0,0,0,,
2,5,0,0,0,,
2,6,0,0,0,,
2,7,0,0,0,,
2,8,0,0,0,,
2,9,0,0,0,,
2,10,0,0,0,,
2,11,0,0,0,,
3,3,0,0,0,,
3,4,0,0,0,,
4,2,0,0,0,,
4,3,0,0,0,,
5,1,0,0,0,,
5,2,0,0,0,,
5,3,0,0,0,,
6,2,0,0,0,,
,,,,,,
,,,,,,
,,,,,,
1,2,0,0,0,,thisMapaVsechPismenNaVsechRadcich.json
1,3,0,0,0,,
1,4,0,0,0,,
1,5,0,0,0,,
1,10,0,0,0,,
2,2,0,0,0,,
2,5,0,0,0,,
2,6,0,0,0,,
2,10,0,0,0,,
2,11,0,0,0,,
3,1,0,0,0,,
3,2,0,0,0,,
3,5,0,0,0,,
3,6,0,0,0,,
3,10,0,0,0,,
3,11,0,0,0,,
4,1,0,0,0,,
4,2,0,0,0,,
4,6,0,0,0,,
4,10,0,0,0,,
4,11,0,0,0,,
5,2,0,0,0,,
5,6,0,0,0,,
5,7,0,0,0,,
5,10,0,0,0,,
6,2,0,0,0,,
6,7,0,0,0,,
6,8,0,0,0,,
6,9,0,0,0,,
,,,,,,
,,,,,,
,,,,,,
1,3,0,0,0,,thisMapaVsechPismenNaVsechRadcich.json
1,4,0,0,0,,
2,3,0,0,0,,
2,4,0,0,0,,
3,1,0,0,0,,
3,2,0,0,0,,
3,3,0,0,0,,
3,4,0,0,0,,
3,5,0,0,0,,
3,6,0,0,0,,
3,7,0,0,0,,
3,8,0,0,0,,
3,9,0,0,0,,
3,10,0,0,0,,
3,11,0,0,0,,
3,12,0,0,0,,
4,3,0,0,0,,
4,4,0,0,0,,
4,12,0,0,0,,
4,13,0,0,0,,
5,3,0,0,0,,
5,4,0,0,0,,
5,12,0,0,0,,
5,13,0,0,0,,
6,3,0,0,0,,
6,4,0,0,0,,
,,,,,,
,,,,,,
,,,,,,
1,2,0,0,0,,thisMapaVsechPismenNaVsechRadcich.json
1,6,0,0,0,,
1,7,0,0,0,,
1,8,0,0,0,,
1,9,0,0,0,,
1,10,0,0,0,,
2,2,0,0,0,,
2,6,0,0,0,,
2,10,0,0,0,,
3,2,0,0,0,,
3,6,0,0,0,,
3,10,0,0,0,,
3,11,0,0,0,,
4,1,0,0,0,,
4,2,0,0,0,,
4,5,0,0,0,,
4,6,0,0,0,,
4,10,0,0,0,,
4,11,0,0,0,,
5,1,0,0,0,,
5,2,0,0,0,,
5,5,0,0,0,,
5,6,0,0,0,,
5,10,0,0,0,,
6,2,0,0,0,,
6,5,0,0,0,,
6,6,0,0,0,,
6,10,0,0,0,,
7,2,0,0,0,,
7,3,0,0,0,,
7,4,0,0,0,,
7,5,0,0,0,,
7,6,0,0,0,,
7,7,0,0,0,,
7,8,0,0,0,,
7,9,0,0,0,,
7,10,0,0,0,,
8,3,0,0,0,,
8,4,0,0,0,,
8,5,0,0,0,,
8,6,0,0,0,,
8,7,0,0,0,,
8,8,0,0,0,,
8,9,0,0,0,,
8,10,0,0,0,,
,,,,,,
,,,,,,
,,,,,,
1,1,0,0,0,,thisMapaVsechPismenNaVsechRadcich.json
1,2,0,0,0,,
1,3,0,0,0,,
1,4,0,0,0,,
1,5,0,0,0,,
1,6,0,0,0,,
1,7,0,0,0,,
1,8,0,0,0,,
1,9,0,0,0,,
1,10,0,0,0,,
1,11,0,0,0,,
1,12,0,0,0,,
1,13,0,0,0,,
1,14,0,0,0,,
1,15,0,0,0,,
2,1,0,0,0,,
2,2,0,0,0,,
2,3,0,0,0,,
2,4,0,0,0,,
2,5,0,0,0,,
2,6,0,0,0,,
2,7,0,0,0,,
2,8,0,0,0,,
2,9,0,0,0,,
2,10,0,0,0,,
2,11,0,0,0,,
2,12,0,0,0,,
2,13,0,0,0,,
3,6,0,0,0,,
3,7,0,0,0,,
3,13,0,0,0,,
4,6,0,0,0,,
4,14,0,0,0,,
5,6,0,0,0,,
5,14,0,0,0,,
6,5,0,0,0,,
6,6,0,0,0,,
6,14,0,0,0,,
6,15,0,0,0,,
7,5,0,0,0,,
7,6,0,0,0,,
7,14,0,0,0,,
7,15,0,0,0,,
8,6,0,0,0,,
8,7,0,0,0,,
8,13,0,0,0,,
8,14,0,0,0,,
9,7,0,0,0,,
9,8,0,0,0,,
9,9,0,0,0,,
9,10,0,0,0,,
9,11,0,0,0,,
9,12,0,0,0,,
,,,,,,
,,,,,,
,,,,,,
1,3,0,0,0,,thisMapaVsechPismenNaVsechRadcich.json
1,4,0,0,0,,
1,5,0,0,0,,
1,6,0,0,0,,
1,7,0,0,0,,
1,8,0,0,0,,
1,9,0,0,0,,
2,2,0,0,0,,
2,3,0,0,0,,
2,9,0,0,0,,
2,10,0,0,0,,
3,2,0,0,0,,
3,10,0,0,0,,
4,1,0,0,0,,
4,2,0,0,0,,
4,10,0,0,0,,
4,11,0,0,0,,
5,1,0,0,0,,
5,2,0,0,0,,
5,10,0,0,0,,
5,11,0,0,0,,
6,2,0,0,0,,
6,10,0,0,0,,
7,2,0,0,0,,
,,,,,,
,,,,,,
,,,,,,
1,1,0,0,0,,thisMapaVsechPismenNaVsechRadcich.json
1,11,0,0,0,,
2,1,0,0,0,,
2,2,0,0,0,,
2,9,0,0,0,,
2,10,0,0,0,,
2,11,0,0,0,,
3,2,0,0,0,,
3,3,0,0,0,,
3,4,0,0,0,,
3,8,0,0,0,,
3,9,0,0,0,,
4,4,0,0,0,,
4,5,0,0,0,,
4,6,0,0,0,,
4,7,0,0,0,,
5,5,0,0,0,,
5,6,0,0,0,,
5,7,0,0,0,,
6,5,0,0,0,,
6,6,0,0,0,,
6,7,0,0,0,,
6,8,0,0,0,,
7,3,0,0,0,,
7,4,0,0,0,,
7,7,0,0,0,,
7,8,0,0,0,,
7,9,0,0,0,,
7,10,0,0,0,,
8,1,0,0,0,,
8,2,0,0,0,,
8,3,0,0,0,,
8,9,0,0,0,,
8,10,0,0,0,,
8,11,0,0,0,,
9,1,0,0,0,,
,,,,,,
,,,,,,
,,,,,,
1,1,0,0,0,,thisMapaVsechPismenNaVsechRadcich.json
1,2,0,0,0,,
2,1,0,0,0,,
2,2,0,0,0,,
2,3,0,0,0,,
2,4,0,0,0,,
2,5,0,0,0,,
3,4,0,0,0,,
3,5,0,0,0,,
3,6,0,0,0,,
3,7,0,0,0,,
4,7,0,0,0,,
4,8,0,0,0,,
4,9,0,0,0,,
4,10,0,0,0,,
4,14,0,0,0,,
4,15,0,0,0,,
5,8,0,0,0,,
5,9,0,0,0,,
5,10,0,0,0,,
5,11,0,0,0,,
5,12,0,0,0,,
5,13,0,0,0,,
5,14,0,0,0,,
6,8,0,0,0,,
6,9,0,0,0,,
6,10,0,0,0,,
6,11,0,0,0,,
7,5,0,0,0,,
7,6,0,0,0,,
7,7,0,0,0,,
7,8,0,0,0,,
7,9,0,0,0,,
8,2,0,0,0,,
8,3,0,0,0,,
8,4,0,0,0,,
8,5,0,0,0,,
8,6,0,0,0,,
9,1,0,0,0,,
,,,,,,
,,,,,,
,,,,,,
1,1,0,0,0,,thisMapaVsechPismenNaVsechRadcich.json
1,2,0,0,0,,
1,9,0,0,0,,
1,10,0,0,0,,
1,11,0,0,0,,
2,1,0,0,0,,
2,2,0,0,0,,
2,7,0,0,0,,
2,8,0,0,0,,
2,9,0,0,0,,
2,10,0,0,0,,
2,11,0,0,0,,
3,1,0,0,0,,
3,2,0,0,0,,
3,6,0,0,0,,
3,7,0,0,0,,
3,10,0,0,0,,
3,11,0,0,0,,
4,1,0,0,0,,
4,2,0,0,0,,
4,4,0,0,0,,
4,5,0,0,0,,
4,6,0,0,0,,
4,10,0,0,0,,
4,11,0,0,0,,
5,1,0,0,0,,
5,2,0,0,0,,
5,3,0,0,0,,
5,4,0,0,0,,
5,10,0,0,0,,
5,11,0,0,0,,
6,1,0,0,0,,
6,2,0,0,0,,
6,10,0,0,0,,
,,,,,,
,,,,,,
,,,,,,
1,2,0,0,0,,thisMapaVsechPismenNaVsechRadcich.json
1,3,0,0,0,,
1,4,0,0,0,,
1,5,0,0,0,,
1,6,0,0,0,,
1,7,0,0,0,,
1,8,0,0,0,,
2,1,0,0,0,,
2,2,0,0,0,,
2,4,0,0,0,,
2,5,0,0,0,,
2,8,0,0,0,,
2,9,0,0,0,,
3,1,0,0,0,,
3,4,0,0,0,,
3,5,0,0,0,,
3,9,0,0,0,,
4,1,0,0,0,,
4,4,0,0,0,,
4,5,0,0,0,,
4,9,0,0,0,,
4,10,0,0,0,,
5,1,0,0,0,,
5,4,0,0,0,,
5,5,0,0,0,,
5,9,0,0,0,,
5,10,0,0,0,,
6,1,0,0,0,,
6,4,0,0,0,,
6,5,0,0,0,,
6,9,0,0,0,,
6,10,0,0,0,,
7,1,0,0,0,,
7,2,0,0,0,,
7,4,0,0,0,,
7,5,0,0,0,,
7,9,0,0,0,,
8,2,0,0,0,,
8,3,0,0,0,,
8,4,0,0,0,,
8,5,0,0,0,,
,,,,,,
,,,,,,
,,,,,,
1,1,0,0,0,,thisMapaVsechPismenNaVsechRadcich.json
1,5,0,0,0,,
1,6,0,0,0,,
1,7,0,0,0,,
1,8,0,0,0,,
1,9,0,0,0,,
2,1,0,0,0,,
2,5,0,0,0,,
2,9,0,0,0,,
3,1,0,0,0,,
3,5,0,0,0,,
3,9,0,0,0,,
3,10,0,0,0,,
4,1,0,0,0,,
4,4,0,0,0,,
4,5,0,0,0,,
4,9,0,0,0,,
4,10,0,0,0,,
5,1,0,0,0,,
5,4,0,0,0,,
5,5,0,0,0,,
5,9,0,0,0,,
6,1,0,0,0,,
6,4,0,0,0,,
6,5,0,0,0,,
6,9,0,0,0,,
7,1,0,0,0,,
7,2,0,0,0,,
7,3,0,0,0,,
7,4,0,0,0,,
7,5,0,0,0,,
7,6,0,0,0,,
7,7,0,0,0,,
7,8,0,0,0,,
7,9,0,0,0,,
8,2,0,0,0,,
8,3,0,0,0,,
8,4,0,0,0,,
8,5,0,0,0,,
8,6,0,0,0,,
8,7,0,0,0,,
8,8,0,0,0,,
8,9,0,0,0,,
,,,,,,
,,,,,,
,,,,,,
1,1,0,0,0,,thisMapaVsechPismenNaVsechRadcich.json
1,2,0,0,0,,
2,1,0,0,0,,
2,2,0,0,0,,
2,3,0,0,0,,
2,4,0,0,0,,
2,5,0,0,0,,
3,4,0,0,0,,
3,5,0,0,0,,
3,6,0,0,0,,
3,7,0,0,0,,
3,8,0,0,0,,
4,8,0,0,0,,
4,9,0,0,0,,
4,10,0,0,0,,
4,11,0,0,0,,
5,9,0,0,0,,
5,10,0,0,0,,
5,11,0,0,0,,
6,8,0,0,0,,
6,9,0,0,0,,
6,10,0,0,0,,
7,5,0,0,0,,
7,6,0,0,0,,
7,7,0,0,0,,
8,1,0,0,0,,
8,2,0,0,0,,
8,3,0,0,0,,
8,4,0,0,0,,
9,1,0,0,0,,
9,2,0,0,0,,
9,3,0,0,0,,
9,4,0,0,0,,
10,4,0,0,0,,
10,5,0,0,0,,
10,6,0,0,0,,
10,7,0,0,0,,
11,8,0,0,0,,
11,9,0,0,0,,
11,10,0,0,0,,
12,9,0,0,0,,
12,10,0,0,0,,
12,11,0,0,0,,
13,9,0,0,0,,
13,10,0,0,0,,
13,11,0,0,0,,
14,5,0,0,0,,
14,6,0,0,0,,
14,7,0,0,0,,
14,8,0,0,0,,
15,1,0,0,0,,
15,2,0,0,0,,
15,3,0,0,0,,
15,4,0,0,0,,
15,5,0,0,0,,
16,1,0,0,0,,
,,,,,,
,,,,,,
,,,,,,
1,7,0,0,0,,thisMapaVsechPismenNaVsechRadcich.json
1,8,0,0,0,,
1,9,0,0,0,,
1,10,0,0,0,,
1,11,0,0,0,,
1,12,0,0,0,,
1,13,0,0,0,,
2,6,0,0,0,,
2,7,0,0,0,,
2,13,0,0,0,,
2,14,0,0,0,,
3,6,0,0,0,,
3,14,0,0,0,,
3,15,0,0,0,,
4,5,0,0,0,,
4,6,0,0,0,,
4,14,0,0,0,,
4,15,0,0,0,,
5,6,0,0,0,,
5,14,0,0,0,,
6,6,0,0,0,,
6,14,0,0,0,,
7,6,0,0,0,,
7,7,0,0,0,,
7,13,0,0,0,,
8,1,0,0,0,,
8,2,0,0,0,,
8,3,0,0,0,,
8,4,0,0,0,,
8,5,0,0,0,,
8,6,0,0,0,,
8,7,0,0,0,,
8,8,0,0,0,,
8,9,0,0,0,,
8,10,0,0,0,,
8,11,0,0,0,,
8,12,0,0,0,,
8,13,0,0,0,,
9,1,0,0,0,,
9,2,0,0,0,,
9,3,0,0,0,,
9,4,0,0,0,,
9,5,0,0,0,,
9,6,0,0,0,,
9,7,0,0,0,,
9,8,0,0,0,,
9,9,0,0,0,,
9,10,0,0,0,,
9,11,0,0,0,,
9,12,0,0,0,,
9,13,0,0,0,,
9,14,0,0,0,,
,,,,,,
,,,,,,
,,,,,,
1,3,0,0,0,,thisMapaVsechPismenNaVsechRadcich.json
1,4,0,0,0,,
1,5,0,0,0,,
1,6,0,0,0,,
1,7,0,0,0,,
1,8,0,0,0,,
1,9,0,0,0,,
2,2,0,0,0,,
2,3,0,0,0,,
2,9,0,0,0,,
2,10,0,0,0,,
3,2,0,0,0,,
3,10,0,0,0,,
3,11,0,0,0,,
4,1,0,0,0,,
4,2,0,0,0,,
4,10,0,0,0,,
4,11,0,0,0,,
5,2,0,0,0,,
5,10,0,0,0,,
6,2,0,0,0,,
6,10,0,0,0,,
7,3,0,0,0,,
7,9,0,0,0,,
7,10,0,0,0,,
8,3,0,0,0,,
8,4,0,0,0,,
8,5,0,0,0,,
8,6,0,0,0,,
8,7,0,0,0,,
8,8,0,0,0,,
8,9,0,0,0,,
8,10,0,0,0,,
8,11,0,0,0,,
8,12,0,0,0,,
8,13,0,0,0,,
8,14,0,0,0,,
8,15,0,0,0,,
9,1,0,0,0,,
9,2,0,0,0,,
9,3,0,0,0,,
9,4,0,0,0,,
9,5,0,0,0,,
9,6,0,0,0,,
9,7,0,0,0,,
9,8,0,0,0,,
9,9,0,0,0,,
9,10,0,0,0,,
9,11,0,0,0,,
9,12,0,0,0,,
9,13,0,0,0,,
9,14,0,0,0,,
,,,,,,
,,,,,,
,,,,,,
1,3,0,0,0,,thisMapaVsechPismenNaVsechRadcich.json
1,4,0,0,0,,
1,5,0,0,0,,
1,6,0,0,0,,
1,7,0,0,0,,
1,8,0,0,0,,
1,9,0,0,0,,
2,2,0,0,0,,
2,3,0,0,0,,
2,9,0,0,0,,
2,10,0,0,0,,
3,2,0,0,0,,
3,10,0,0,0,,
3,11,0,0,0,,
4,1,0,0,0,,
4,2,0,0,0,,
4,10,0,0,0,,
4,11,0,0,0,,
5,2,0,0,0,,
5,10,0,0,0,,
6,2,0,0,0,,
6,10,0,0,0,,
7,3,0,0,0,,
7,9,0,0,0,,
7,10,0,0,0,,
8,3,0,0,0,,
8,4,0,0,0,,
8,5,0,0,0,,
8,6,0,0,0,,
8,7,0,0,0,,
8,8,0,0,0,,
8,9,0,0,0,,
8,10,0,0,0,,
8,11,0,0,0,,
8,12,0,0,0,,
8,13,0,0,0,,
8,14,0,0,0,,
8,15,0,0,0,,
9,1,0,0,0,,
9,2,0,0,0,,
9,3,0,0,0,,
9,4,0,0,0,,
9,5,0,0,0,,
9,6,0,0,0,,
9,7,0,0,0,,
9,8,0,0,0,,
9,9,0,0,0,,
9,10,0,0,0,,
9,11,0,0,0,,
9,12,0,0,0,,
9,13,0,0,0,,
9,14,0,0,0,,
,,,,,,
,,,,,,
,,,,,,
1,1,0,0,0,,thisMapaVsechPismenNaVsechRadcich.json
1,2,0,0,0,,
1,3,0,0,0,,
1,4,0,0,0,,
1,5,0,0,0,,
1,6,0,0,0,,
1,7,0,0,0,,
1,8,0,0,0,,
1,9,0,0,0,,
1,10,0,0,0,,
1,11,0,0,0,,
1,12,0,0,0,,
1,13,0,0,0,,
1,14,0,0,0,,
1,15,0,0,0,,
2,3,0,0,0,,
2,4,0,0,0,,
2,5,0,0,0,,
2,6,0,0,0,,
2,7,0,0,0,,
2,8,0,0,0,,
2,9,0,0,0,,
2,10,0,0,0,,
2,11,0,0,0,,
2,12,0,0,0,,
2,13,0,0,0,,
2,14,0,0,0,,
2,15,0,0,0,,
3,3,0,0,0,,
3,9,0,0,0,,
3,10,0,0,0,,
4,2,0,0,0,,
4,10,0,0,0,,
5,2,0,0,0,,
5,10,0,0,0,,
6,1,0,0,0,,
6,2,0,0,0,,
6,10,0,0,0,,
6,11,0,0,0,,
7,1,0,0,0,,
7,2,0,0,0,,
7,10,0,0,0,,
7,11,0,0,0,,
8,2,0,0,0,,
8,3,0,0,0,,
8,9,0,0,0,,
8,10,0,0,0,,
9,3,0,0,0,,
9,4,0,0,0,,
9,5,0,0,0,,
9,6,0,0,0,,
9,7,0,0,0,,
9,8,0,0,0,,
,,,,,,
,,,,,,
,,,,,,
1,1,0,0,0,,thisMapaVsechPismenNaVsechRadcich.json
1,2,0,0,0,,
1,3,0,0,0,,
1,4,0,0,0,,
1,5,0,0,0,,
1,6,0,0,0,,
1,7,0,0,0,,
1,8,0,0,0,,
1,9,0,0,0,,
1,10,0,0,0,,
1,11,0,0,0,,
2,3,0,0,0,,
2,4,0,0,0,,
2,5,0,0,0,,
2,6,0,0,0,,
2,7,0,0,0,,
2,8,0,0,0,,
2,9,0,0,0,,
2,10,0,0,0,,
2,11,0,0,0,,
3,3,0,0,0,,
3,4,0,0,0,,
4,2,0,0,0,,
4,3,0,0,0,,
5,1,0,0,0,,
5,2,0,0,0,,
5,3,0,0,0,,
6,2,0,0,0,,
,,,,,,
,,,,,,
,,,,,,
1,2,0,0,0,,thisMapaVsechPismenNaVsechRadcich.json
1,3,0,0,0,,
1,4,0,0,0,,
1,5,0,0,0,,
1,10,0,0,0,,
2,2,0,0,0,,
2,5,0,0,0,,
2,6,0,0,0,,
2,10,0,0,0,,
2,11,0,0,0,,
3,1,0,0,0,,
3,2,0,0,0,,
3,5,0,0,0,,
3,6,0,0,0,,
3,10,0,0,0,,
3,11,0,0,0,,
4,1,0,0,0,,
4,2,0,0,0,,
4,6,0,0,0,,
4,10,0,0,0,,
4,11,0,0,0,,
5,2,0,0,0,,
5,6,0,0,0,,
5,7,0,0,0,,
5,10,0,0,0,,
6,2,0,0,0,,
6,7,0,0,0,,
6,8,0,0,0,,
6,9,0,0,0,,
,,,,,,
,,,,,,
,,,,,,
1,3,0,0,0,,thisMapaVsechPismenNaVsechRadcich.json
1,4,0,0,0,,
2,3,0,0,0,,
2,4,0,0,0,,
3,1,0,0,0,,
3,2,0,0,0,,
3,3,0,0,0,,
3,4,0,0,0,,
3,5,0,0,0,,
3,6,0,0,0,,
3,7,0,0,0,,
3,8,0,0,0,,
3,9,0,0,0,,
3,10,0,0,0,,
3,11,0,0,0,,
3,12,0,0,0,,
4,3,0,0,0,,
4,4,0,0,0,,
4,12,0,0,0,,
4,13,0,0,0,,
5,3,0,0,0,,
5,4,0,0,0,,
5,12,0,0,0,,
5,13,0,0,0,,
6,3,0,0,0,,
6,4,0,0,0,,
,,,,,,
,,,,,,
,,,,,,
,,,,,,
,,,,,,
0,6,255,255,255,,thisMapaVsechPismenNaVsechRadcich.json
1,6,255,255,255,,
2,6,255,255,255,,
3,6,255,255,255,,
4,6,255,255,255,,
5,6,255,255,255,,
6,6,255,255,255,,
7,6,255,255,255,,
8,6,255,255,255,,
9,6,255,255,255,,
10,6,255,255,255,,
11,6,255,255,255,,
12,6,255,255,255,,
13,6,255,255,255,,
14,6,255,255,255,,
15,6,255,255,255,,
16,6,255,255,255,,
17,6,255,255,255,,
18,6,255,255,255,,
19,6,255,255,255,,
20,6,219,144,58,,
21,6,0,0,0,,
22,6,0,0,0,,
23,6,58,144,219,,
24,6,255,255,255,,
25,6,255,255,255,,
26,6,255,255,255,,
27,6,255,255,255,,
28,6,255,255,255,,
29,6,255,255,255,,
30,6,255,255,255,,
31,6,255,255,255,,
32,6,255,255,255,,
33,6,255,255,255,,
34,6,255,255,255,,
35,6,255,255,255,,
36,6,255,255,255,,
37,6,255,255,255,,
38,6,255,255,255,,
39,6,255,255,255,,
40,6,255,255,255,,
41,6,255,255,255,,
42,6,255,255,255,,
43,6,255,255,255,,
44,6,255,255,255,,
45,6,255,255,255,,
46,6,255,255,255,,
47,6,255,255,255,,
48,6,255,255,255,,
49,6,255,255,255,,
50,6,255,255,255,,
51,6,255,255,255,,
52,6,255,255,255,,
53,6,255,255,255,,
54,6,255,255,255,,
55,6,255,255,255,,
56,6,255,255,255,,
57,6,255,255,255,,
58,6,255,255,255,,
59,6,255,255,255,,
60,6,255,255,255,,
61,6,255,255,255,,
62,6,255,255,255,,
63,6,255,255,255,,
64,6,255,255,255,,
65,6,255,255,255,,
66,6,255,255,255,,
67,6,255,255,255,,
68,6,255,255,255,,
69,6,255,255,255,,
70,6,255,255,255,,
71,6,255,255,255,,
72,6,255,255,255,,
73,6,255,255,255,,
74,6,255,255,255,,
75,6,255,255,255,,
76,6,255,255,255,,
77,6,255,255,255,,
78,6,255,255,255,,
79,6,255,255,255,,
80,6,255,255,255,,
81,6,255,255,255,,
82,6,255,255,255,,
83,6,255,255,255,,
84,6,255,255,255,,
85,6,255,255,255,,
86,6,255,255,255,,
87,6,255,255,255,,
88,6,255,255,255,,
89,6,255,255,255,,
90,6,255,255,255,,
91,6,255,255,255,,
92,6,255,255,255,,
93,6,255,255,255,,
94,6,255,255,255,,
95,6,255,255,255,,
96,6,255,255,255,,
97,6,255,255,255,,
98,6,255,255,255,,
,,,,,,
,,,,,,
0,7,255,255,255,,thisMapaVsechPismenNaVsechRadcich.json
1,7,255,255,255,,
2,7,255,255,255,,
3,7,255,255,255,,
4,7,255,255,255,,
5,7,255,255,255,,
6,7,255,255,255,,
7,7,255,255,255,,
8,7,255,255,255,,
9,7,255,255,255,,
10,7,255,255,255,,
11,7,255,255,255,,
12,7,255,255,255,,
13,7,255,255,255,,
14,7,255,255,255,,
15,7,255,255,255,,
16,7,255,255,255,,
17,7,255,255,255,,
18,7,255,255,255,,
19,7,255,255,255,,
20,7,219,144,58,,
21,7,0,0,0,,
22,7,0,0,0,,
23,7,58,144,219,,
24,7,255,255,255,,
25,7,255,255,255,,
26,7,255,255,255,,
27,7,255,255,255,,
28,7,255,255,255,,
29,7,255,255,255,,
30,7,255,255,255,,
31,7,255,255,255,,
32,7,255,255,255,,
33,7,255,255,255,,
34,7,255,255,255,,
35,7,255,255,255,,
36,7,255,255,255,,
37,7,255,255,255,,
38,7,255,255,255,,
39,7,255,255,255,,
40,7,255,255,255,,
41,7,255,255,255,,
42,7,255,255,255,,
43,7,255,255,255,,
44,7,255,255,255,,
45,7,255,255,255,,
46,7,255,255,255,,
47,7,255,255,255,,
48,7,255,255,255,,
49,7,255,255,255,,
50,7,255,255,255,,
51,7,255,255,255,,
52,7,255,255,255,,
53,7,255,255,255,,
54,7,255,255,255,,
55,7,255,255,255,,
56,7,255,255,255,,
57,7,255,255,255,,
58,7,255,255,255,,
59,7,255,255,255,,
60,7,255,255,255,,
61,7,255,255,255,,
62,7,255,255,255,,
63,7,255,255,255,,
64,7,255,255,255,,
65,7,255,255,255,,
66,7,255,255,255,,
67,7,255,255,255,,
68,7,255,255,255,,
69,7,255,255,255,,
70,7,255,255,255,,
71,7,255,255,255,,
72,7,255,255,255,,
73,7,255,255,255,,
74,7,255,255,255,,
75,7,255,255,255,,
76,7,255,255,255,,
77,7,255,255,255,,
78,7,255,255,255,,
79,7,255,255,255,,
80,7,255,255,255,,
81,7,255,255,255,,
82,7,255,255,255,,
83,7,255,255,255,,
84,7,255,255,255,,
85,7,255,255,255,,
86,7,255,255,255,,
87,7,255,255,255,,
88,7,255,255,255,,
89,7,255,255,255,,
90,7,255,255,255,,
91,7,255,255,255,,
92,7,255,255,255,,
93,7,255,255,255,,
94,7,255,255,255,,
95,7,255,255,255,,
96,7,255,255,255,,
97,7,255,255,255,,
98,7,255,255,255,,
,,,,,,
,,,,,,
0,8,255,255,255,,thisMapaVsechPismenNaVsechRadcich.json
1,8,255,255,255,,
2,8,255,255,255,,
3,8,255,255,255,,
4,8,255,255,255,,
5,8,255,255,255,,
6,8,255,255,255,,
7,8,255,255,255,,
8,8,255,255,255,,
9,8,255,255,255,,
10,8,255,255,255,,
11,8,255,255,255,,
12,8,255,255,255,,
13,8,255,255,255,,
14,8,255,255,255,,
15,8,255,255,255,,
16,8,255,255,255,,
17,8,255,255,255,,
18,8,255,255,255,,
19,8,255,255,255,,
20,8,219,144,58,,
21,8,0,0,0,,
22,8,0,0,0,,
23,8,58,144,219,,
24,8,255,255,255,,
25,8,255,255,255,,
26,8,255,255,255,,
27,8,255,255,255,,
28,8,255,255,255,,
29,8,255,255,255,,
30,8,255,255,255,,
31,8,255,255,255,,
32,8,255,255,255,,
33,8,255,255,255,,
34,8,255,255,255,,
35,8,255,255,255,,
36,8,255,255,255,,
37,8,255,255,255,,
38,8,255,255,255,,
39,8,255,255,255,,
40,8,255,255,255,,
41,8,255,255,255,,
42,8,255,255,255,,
43,8,255,255,255,,
44,8,255,255,255,,
45,8,255,255,255,,
46,8,255,255,255,,
47,8,255,255,255,,
48,8,255,255,255,,
49,8,255,255,255,,
50,8,255,255,255,,
51,8,255,255,255,,
52,8,255,255,255,,
53,8,255,255,255,,
54,8,255,255,255,,
55,8,255,255,255,,
56,8,255,255,255,,
57,8,255,255,255,,
58,8,255,255,255,,
59,8,255,255,255,,
60,8,255,255,255,,
61,8,255,255,255,,
62,8,255,255,255,,
63,8,255,255,255,,
64,8,255,255,255,,
65,8,255,255,255,,
66,8,255,255,255,,
67,8,255,255,255,,
68,8,255,255,255,,
69,8,255,255,255,,
70,8,255,255,255,,
71,8,255,255,255,,
72,8,255,255,255,,
73,8,255,255,255,,
74,8,255,255,255,,
75,8,255,255,255,,
76,8,255,255,255,,
77,8,255,255,255,,
78,8,255,255,255,,
79,8,255,255,255,,
80,8,255,255,255,,
81,8,255,255,255,,
82,8,255,255,255,,
83,8,255,255,255,,
84,8,255,255,255,,
85,8,255,255,255,,
86,8,255,255,255,,
87,8,255,255,255,,
88,8,255,255,255,,
89,8,255,255,255,,
90,8,255,255,255,,
91,8,255,255,255,,
92,8,255,255,255,,
93,8,255,255,255,,
94,8,255,255,255,,
95,8,255,255,255,,
96,8,255,255,255,,
97,8,255,255,255,,
98,8,255,255,255,,
,,,,,,
,,,,,,
0,9,255,255,255,,thisMapaVsechPismenNaVsechRadcich.json
1,9,255,255,255,,
2,9,255,255,255,,
3,9,255,255,255,,
4,9,255,255,255,,
5,9,255,255,255,,
6,9,255,255,255,,
7,9,255,255,255,,
8,9,255,255,255,,
9,9,255,255,255,,
10,9,255,255,255,,
11,9,255,255,255,,
12,9,255,255,255,,
13,9,255,255,255,,
14,9,255,255,255,,
15,9,255,255,255,,
16,9,255,255,255,,
17,9,255,255,255,,
18,9,255,255,255,,
19,9,255,255,255,,
20,9,219,144,58,,
21,9,0,0,0,,
22,9,0,0,0,,
23,9,58,144,219,,
24,9,255,255,255,,
25,9,255,255,255,,
26,9,255,255,255,,
27,9,255,255,255,,
28,9,255,255,255,,
29,9,255,255,255,,
30,9,255,255,255,,
31,9,255,255,255,,
32,9,255,255,255,,
33,9,255,255,255,,
34,9,255,255,255,,
35,9,255,255,255,,
36,9,255,255,255,,
37,9,255,255,255,,
38,9,255,255,255,,
39,9,255,255,255,,
40,9,255,255,255,,
41,9,255,255,255,,
42,9,255,255,255,,
43,9,255,255,255,,
44,9,255,255,255,,
45,9,255,255,255,,
46,9,255,255,255,,
47,9,255,255,255,,
48,9,255,255,255,,
49,9,255,255,255,,
50,9,255,255,255,,
51,9,255,255,255,,
52,9,255,255,255,,
53,9,255,255,255,,
54,9,255,255,255,,
55,9,255,255,255,,
56,9,255,255,255,,
57,9,255,255,255,,
58,9,255,255,255,,
59,9,255,255,255,,
60,9,255,255,255,,
61,9,255,255,255,,
62,9,255,255,255,,
63,9,255,255,255,,
64,9,255,255,255,,
65,9,255,255,255,,
66,9,255,255,255,,
67,9,255,255,255,,
68,9,255,255,255,,
69,9,255,255,255,,
70,9,255,255,255,,
71,9,255,255,255,,
72,9,255,255,255,,
73,9,255,255,255,,
74,9,255,255,255,,
75,9,255,255,255,,
76,9,255,255,255,,
77,9,255,255,255,,
78,9,255,255,255,,
79,9,255,255,255,,
80,9,255,255,255,,
81,9,255,255,255,,
82,9,255,255,255,,
83,9,255,255,255,,
84,9,255,255,255,,
85,9,255,255,255,,
86,9,255,255,255,,
87,9,255,255,255,,
88,9,255,255,255,,
89,9,255,255,255,,
90,9,255,255,255,,
91,9,255,255,255,,
92,9,255,255,255,,
93,9,255,255,255,,
94,9,255,255,255,,
95,9,255,255,255,,
96,9,255,255,255,,
97,9,255,255,255,,
98,9,255,255,255,,
,,,,,,
,,,,,,
0,10,255,255,255,,thisMapaVsechPismenNaVsechRadcich.json
1,10,255,255,255,,
2,10,255,255,255,,
3,10,255,255,255,,
4,10,219,219,182,,
5,10,102,58,58,,
6,10,58,0,0,,
7,10,0,0,0,,
8,10,0,0,0,,
9,10,0,0,58,,
10,10,58,102,182,,
11,10,219,255,255,,
12,10,255,255,255,,
13,10,255,255,255,,
14,10,255,255,255,,
15,10,255,255,255,,
16,10,255,255,255,,
17,10,255,255,255,,
18,10,255,255,255,,
19,10,255,255,255,,
20,10,219,144,58,,
21,10,0,0,0,,
22,10,0,0,0,,
23,10,58,144,219,,
24,10,219,182,102,,
25,10,58,58,0,,
26,10,0,0,0,,
27,10,0,0,0,,
28,10,58,58,102,,
29,10,182,219,255,,
30,10,255,255,255,,
31,10,255,255,255,,
32,10,255,255,255,,
33,10,255,255,255,,
34,10,255,255,255,,
35,10,255,255,255,,
36,10,255,255,255,,
37,10,255,255,255,,
38,10,255,255,255,,
39,10,255,255,255,,
40,10,219,182,102,,
41,10,58,58,0,,
42,10,0,0,0,,
43,10,0,0,0,,
44,10,0,58,58,,
45,10,102,144,219,,
46,10,255,255,255,,
47,10,255,255,255,,
48,10,255,255,255,,
49,10,255,255,255,,
50,10,255,255,255,,
51,10,255,255,255,,
52,10,255,182,102,,
53,10,0,0,0,,
54,10,0,0,0,,
55,10,0,58,144,,
56,10,219,255,255,,
57,10,255,255,255,,
58,10,255,255,255,,
59,10,219,144,58,,
60,10,0,0,0,,
61,10,0,0,0,,
62,10,102,182,255,,
63,10,255,255,255,,
64,10,255,255,255,,
65,10,255,255,255,,
66,10,255,255,255,,
67,10,255,255,219,,
68,10,182,102,0,,
69,10,0,0,0,,
70,10,0,0,0,,
71,10,102,182,255,,
72,10,255,255,255,,
73,10,255,255,255,,
74,10,255,255,255,,
75,10,255,219,144,,
76,10,58,0,0,,
77,10,0,0,0,,
78,10,0,102,182,,
79,10,219,255,255,,
80,10,255,255,255,,
81,10,255,255,255,,
82,10,255,255,255,,
83,10,255,255,255,,
84,10,255,255,219,,
85,10,144,58,0,,
86,10,0,0,0,,
87,10,0,0,0,,
88,10,0,0,0,,
89,10,0,0,0,,
90,10,0,0,0,,
91,10,0,0,0,,
92,10,0,102,182,,
93,10,255,255,255,,
94,10,255,255,255,,
95,10,255,255,255,,
96,10,255,255,255,,
97,10,255,255,255,,
98,10,255,255,255,,
,,,,,,
,,,,,,
0,11,255,255,255,,thisMapaVsechPismenNaVsechRadcich.json
1,11,255,255,255,,
2,11,255,255,255,,
3,11,219,144,58,,
4,11,0,0,0,,
5,11,0,0,0,,
6,11,0,0,0,,
7,11,0,0,0,,
8,11,0,0,0,,
9,11,0,0,0,,
10,11,0,0,0,,
11,11,0,0,102,,
12,11,182,255,255,,
13,11,255,255,255,,
14,11,255,255,255,,
15,11,255,255,255,,
16,11,255,255,255,,
17,11,255,255,255,,
18,11,255,255,255,,
19,11,255,255,255,,
20,11,219,144,58,,
21,11,0,0,0,,
22,11,0,0,0,,
23,11,0,0,0,,
24,11,0,0,0,,
25,11,0,0,0,,
26,11,0,0,0,,
27,11,0,0,0,,
28,11,0,0,0,,
29,11,0,0,58,,
30,11,144,219,255,,
31,11,255,255,255,,
32,11,255,255,255,,
33,11,255,255,255,,
34,11,255,255,255,,
35,11,255,255,255,,
36,11,255,255,255,,
37,11,255,255,255,,
38,11,255,255,219,,
39,11,144,58,0,,
40,11,0,0,0,,
41,11,0,0,0,,
42,11,0,0,0,,
43,11,0,0,0,,
44,11,0,0,0,,
45,11,0,0,0,,
46,11,102,182,255,,
47,11,255,255,255,,
48,11,255,255,255,,
49,11,255,255,255,,
50,11,255,255,255,,
51,11,255,255,255,,
52,11,255,255,219,,
53,11,144,58,0,,
54,11,0,0,0,,
55,11,0,0,0,,
56,11,58,144,219,,
57,11,255,255,255,,
58,11,255,255,182,,
59,11,102,0,0,,
60,11,0,0,0,,
61,11,0,58,144,,
62,11,219,255,255,,
63,11,255,255,255,,
64,11,255,255,255,,
65,11,255,255,255,,
66,11,255,255,255,,
67,11,255,255,255,,
68,11,219,144,58,,
69,11,0,0,0,,
70,11,0,0,0,,
71,11,0,102,182,,
72,11,255,255,255,,
73,11,255,255,255,,
74,11,255,255,255,,
75,11,255,182,102,,
76,11,0,0,0,,
77,11,0,0,0,,
78,11,58,144,219,,
79,11,255,255,255,,
80,11,255,255,255,,
81,11,255,255,255,,
82,11,255,255,255,,
83,11,255,255,255,,
84,11,255,255,219,,
85,11,144,58,0,,
86,11,0,0,0,,
87,11,0,0,0,,
88,11,0,0,0,,
89,11,0,0,0,,
90,11,0,0,0,,
91,11,0,0,0,,
92,11,0,102,182,,
93,11,255,255,255,,
94,11,255,255,255,,
95,11,255,255,255,,
96,11,255,255,255,,
97,11,255,255,255,,
98,11,255,255,255,,
,,,,,,
,,,,,,
0,12,255,255,255,,thisMapaVsechPismenNaVsechRadcich.json
1,12,255,255,255,,
2,12,255,255,255,,
3,12,219,144,58,,
4,12,0,58,102,,
5,12,144,182,219,,
6,12,219,255,255,,
7,12,255,255,255,,
8,12,255,255,219,,
9,12,144,58,0,,
10,12,0,0,0,,
11,12,0,0,0,,
12,12,102,182,255,,
13,12,255,255,255,,
14,12,255,255,255,,
15,12,255,255,255,,
16,12,255,255,255,,
17,12,255,255,255,,
18,12,255,255,255,,
19,12,255,255,255,,
20,12,219,144,58,,
21,12,0,0,0,,
22,12,0,0,0,,
23,12,0,0,0,,
24,12,0,102,182,,
25,12,219,255,255,,
26,12,255,255,219,,
27,12,144,58,0,,
28,12,0,0,0,,
29,12,0,0,0,,
30,12,0,102,182,,
31,12,255,255,255,,
32,12,255,255,255,,
33,12,255,255,255,,
34,12,255,255,255,,
35,12,255,255,255,,
36,12,255,255,255,,
37,12,255,255,255,,
38,12,219,144,58,,
39,12,0,0,0,,
40,12,0,0,0,,
41,12,0,58,144,,
42,12,182,219,255,,
43,12,255,255,255,,
44,12,255,219,182,,
45,12,102,58,0,,
46,12,102,182,255,,
47,12,255,255,255,,
48,12,255,255,255,,
49,12,255,255,255,,
50,12,255,255,255,,
51,12,255,255,255,,
52,12,255,255,255,,
53,12,255,219,144,,
54,12,58,0,0,,
55,12,0,0,0,,
56,12,0,0,102,,
57,12,182,255,255,,
58,12,182,102,0,,
59,12,0,0,0,,
60,12,0,0,0,,
61,12,102,182,255,,
62,12,255,255,255,,
63,12,255,255,255,,
64,12,255,255,255,,
65,12,255,255,255,,
66,12,255,255,255,,
67,12,255,255,255,,
68,12,255,219,144,,
69,12,58,0,0,,
70,12,0,0,0,,
71,12,0,0,102,,
72,12,182,255,255,,
73,12,255,255,255,,
74,12,255,255,255,,
75,12,182,102,0,,
76,12,0,0,0,,
77,12,0,0,58,,
78,12,144,219,255,,
79,12,255,255,255,,
80,12,255,255,255,,
81,12,255,255,255,,
82,12,255,255,255,,
83,12,255,255,255,,
84,12,255,255,255,,
85,12,255,255,255,,
86,12,255,255,255,,
87,12,255,255,255,,
88,12,255,255,182,,
89,12,102,0,0,,
90,12,0,0,0,,
91,12,0,0,58,,
92,12,144,219,255,,
93,12,255,255,255,,
94,12,255,255,255,,
95,12,255,255,255,,
96,12,255,255,255,,
97,12,255,255,255,,
98,12,255,255,255,,
,,,,,,
,,,,,,
0,13,255,255,255,,thisMapaVsechPismenNaVsechRadcich.json
1,13,255,255,255,,
2,13,255,255,255,,
3,13,255,255,255,,
4,13,255,255,255,,
5,13,255,255,255,,
6,13,255,255,255,,
7,13,255,255,255,,
8,13,255,255,255,,
9,13,219,144,58,,
10,13,0,0,0,,
11,13,0,0,0,,
12,13,58,144,219,,
13,13,255,255,255,,
14,13,255,255,255,,
15,13,255,255,255,,
16,13,255,255,255,,
17,13,255,255,255,,
18,13,255,255,255,,
19,13,255,255,255,,
20,13,219,144,58,,
21,13,0,0,0,,
22,13,0,0,0,,
23,13,0,58,144,,
24,13,219,255,255,,
25,13,255,255,255,,
26,13,255,255,255,,
27,13,255,219,144,,
28,13,58,0,0,,
29,13,0,0,0,,
30,13,0,0,102,,
31,13,182,255,255,,
32,13,255,255,255,,
33,13,255,255,255,,
34,13,255,255,255,,
35,13,255,255,255,,
36,13,255,255,255,,
37,13,255,255,219,,
38,13,144,58,0,,
39,13,0,0,0,,
40,13,0,0,58,,
41,13,144,219,255,,
42,13,255,255,255,,
43,13,255,255,255,,
44,13,255,255,255,,
45,13,255,255,255,,
46,13,255,255,255,,
47,13,255,255,255,,
48,13,255,255,255,,
49,13,255,255,255,,
50,13,255,255,255,,
51,13,255,255,255,,
52,13,255,255,255,,
53,13,255,255,255,,
54,13,182,102,0,,
55,13,0,0,0,,
56,13,0,0,0,,
57,13,0,58,58,,
58,13,58,0,0,,
59,13,0,0,0,,
60,13,0,102,182,,
61,13,255,255,255,,
62,13,255,255,255,,
63,13,255,255,255,,
64,13,255,255,255,,
65,13,255,255,255,,
66,13,255,255,255,,
67,13,255,255,255,,
68,13,255,255,255,,
69,13,182,102,0,,
70,13,0,0,0,,
71,13,0,0,0,,
72,13,102,182,255,,
73,13,255,255,255,,
74,13,255,255,182,,
75,13,102,0,0,,
76,13,0,0,0,,
77,13,0,58,144,,
78,13,219,255,255,,
79,13,255,255,255,,
80,13,255,255,255,,
81,13,255,255,255,,
82,13,255,255,255,,
83,13,255,255,255,,
84,13,255,255,255,,
85,13,255,255,255,,
86,13,255,255,255,,
87,13,255,255,255,,
88,13,219,144,58,,
89,13,0,0,0,,
90,13,0,0,0,,
91,13,58,144,219,,
92,13,255,255,255,,
93,13,255,255,255,,
94,13,255,255,255,,
95,13,255,255,255,,
96,13,255,255,255,,
97,13,255,255,255,,
98,13,255,255,255,,
,,,,,,
,,,,,,
0,14,255,255,255,,thisMapaVsechPismenNaVsechRadcich.json
1,14,255,255,255,,
2,14,255,255,255,,
3,14,255,255,255,,
4,14,219,219,182,,
5,14,144,102,58,,
6,14,58,58,0,,
7,14,0,0,0,,
8,14,0,0,0,,
9,14,0,0,0,,
10,14,0,0,0,,
11,14,0,0,0,,
12,14,58,144,219,,
13,14,255,255,255,,
14,14,255,255,255,,
15,14,255,255,255,,
16,14,255,255,255,,
17,14,255,255,255,,
18,14,255,255,255,,
19,14,255,255,255,,
20,14,219,144,58,,
21,14,0,0,0,,
22,14,0,0,0,,
23,14,58,144,219,,
24,14,255,255,255,,
25,14,255,255,255,,
26,14,255,255,255,,
27,14,255,255,182,,
28,14,102,0,0,,
29,14,0,0,0,,
30,14,0,0,58,,
31,14,144,219,255,,
32,14,255,255,255,,
33,14,255,255,255,,
34,14,255,255,255,,
35,14,255,255,255,,
36,14,255,255,255,,
37,14,255,255,182,,
38,14,102,0,0,,
39,14,0,0,0,,
40,14,0,0,102,,
41,14,182,255,255,,
42,14,255,255,255,,
43,14,255,255,255,,
44,14,255,255,255,,
45,14,255,255,255,,
46,14,255,255,255,,
47,14,255,255,255,,
48,14,255,255,255,,
49,14,255,255,255,,
50,14,255,255,255,,
51,14,255,255,255,,
52,14,255,255,255,,
53,14,255,255,255,,
54,14,255,219,144,,
55,14,58,0,0,,
56,14,0,0,0,,
57,14,0,0,0,,
58,14,0,0,0,,
59,14,0,0,58,,
60,14,144,219,255,,
61,14,255,255,255,,
62,14,255,255,255,,
63,14,255,255,255,,
64,14,255,255,255,,
65,14,255,255,255,,
66,14,255,255,255,,
67,14,255,255,255,,
68,14,255,255,255,,
69,14,255,182,102,,
70,14,0,0,0,,
71,14,0,0,0,,
72,14,0,58,144,,
73,14,219,255,255,,
74,14,255,182,102,,
75,14,0,0,0,,
76,14,0,0,0,,
77,14,58,144,219,,
78,14,255,255,255,,
79,14,255,255,255,,
80,14,255,255,255,,
81,14,255,255,255,,
82,14,255,255,255,,
83,14,255,255,255,,
84,14,255,255,255,,
85,14,255,255,255,,
86,14,255,255,255,,
87,14,255,219,144,,
88,14,58,0,0,,
89,14,0,0,0,,
90,14,0,0,102,,
91,14,182,255,255,,
92,14,255,255,255,,
93,14,255,255,255,,
94,14,255,255,255,,
95,14,255,255,255,,
96,14,255,255,255,,
97,14,255,255,255,,
98,14,255,255,255,,
,,,,,,
,,,,,,
0,15,255,255,255,,thisMapaVsechPismenNaVsechRadcich.json
1,15,255,255,255,,
2,15,255,255,255,,
3,15,219,144,58,,
4,15,0,0,0,,
5,15,0,0,0,,
6,15,0,0,0,,
7,15,0,0,0,,
8,15,0,0,0,,
9,15,0,0,0,,
10,15,0,0,0,,
11,15,0,0,0,,
12,15,58,144,219,,
13,15,255,255,255,,
14,15,255,255,255,,
15,15,255,255,255,,
16,15,255,255,255,,
17,15,255,255,255,,
18,15,255,255,255,,
19,15,255,255,255,,
20,15,219,144,58,,
21,15,0,0,0,,
22,15,0,0,0,,
23,15,58,144,219,,
24,15,255,255,255,,
25,15,255,255,255,,
26,15,255,255,255,,
27,15,255,255,219,,
28,15,144,58,0,,
29,15,0,0,0,,
30,15,0,0,58,,
31,15,144,219,255,,
32,15,255,255,255,,
33,15,255,255,255,,
34,15,255,255,255,,
35,15,255,255,255,,
36,15,255,255,255,,
37,15,255,219,144,,
38,15,58,0,0,,
39,15,0,0,0,,
40,15,0,58,144,,
41,15,219,255,255,,
42,15,255,255,255,,
43,15,255,255,255,,
44,15,255,255,255,,
45,15,255,255,255,,
46,15,255,255,255,,
47,15,255,255,255,,
48,15,255,255,255,,
49,15,255,255,255,,
50,15,255,255,255,,
51,15,255,255,255,,
52,15,255,255,255,,
53,15,255,255,255,,
54,15,255,255,255,,
55,15,182,102,0,,
56,15,0,0,0,,
57,15,0,0,0,,
58,15,0,0,0,,
59,15,0,58,144,,
60,15,219,255,255,,
61,15,255,255,255,,
62,15,255,255,255,,
63,15,255,255,255,,
64,15,255,255,255,,
65,15,255,255,255,,
66,15,255,255,255,,
67,15,255,255,255,,
68,15,255,255,255,,
69,15,255,255,182,,
70,15,102,0,0,,
71,15,0,0,0,,
72,15,0,0,58,,
73,15,144,219,255,,
74,15,219,144,58,,
75,15,0,0,0,,
76,15,0,0,0,,
77,15,102,182,255,,
78,15,255,255,255,,
79,15,255,255,255,,
80,15,255,255,255,,
81,15,255,255,255,,
82,15,255,255,255,,
83,15,255,255,255,,
84,15,255,255,255,,
85,15,255,255,255,,
86,15,255,255,219,,
87,15,144,58,0,,
88,15,0,0,0,,
89,15,0,0,0,,
90,15,102,182,255,,
91,15,255,255,255,,
92,15,255,255,255,,
93,15,255,255,255,,
94,15,255,255,255,,
95,15,255,255,255,,
96,15,255,255,255,,
97,15,255,255,255,,
98,15,255,255,255,,
,,,,,,
,,,,,,
0,16,255,255,255,,thisMapaVsechPismenNaVsechRadcich.json
1,16,255,255,255,,
2,16,255,255,182,,
3,16,102,0,0,,
4,16,0,0,0,,
5,16,0,0,58,,
6,16,144,182,219,,
7,16,255,255,255,,
8,16,255,255,255,,
9,16,219,144,58,,
10,16,0,0,0,,
11,16,0,0,0,,
12,16,58,144,219,,
13,16,255,255,255,,
14,16,255,255,255,,
15,16,255,255,255,,
16,16,255,255,255,,
17,16,255,255,255,,
18,16,255,255,255,,
19,16,255,255,255,,
20,16,219,144,58,,
21,16,0,0,0,,
22,16,0,0,0,,
23,16,58,144,219,,
24,16,255,255,255,,
25,16,255,255,255,,
26,16,255,255,255,,
27,16,255,255,182,,
28,16,102,0,0,,
29,16,0,0,0,,
30,16,0,0,58,,
31,16,144,219,255,,
32,16,255,255,255,,
33,16,255,255,255,,
34,16,255,255,255,,
35,16,255,255,255,,
36,16,255,255,255,,
37,16,255,219,144,,
38,16,58,0,0,,
39,16,0,0,0,,
40,16,0,0,102,,
41,16,182,255,255,,
42,16,255,255,255,,
43,16,255,255,255,,
44,16,255,255,255,,
45,16,255,255,255,,
46,16,255,255,255,,
47,16,255,255,255,,
48,16,255,255,255,,
49,16,255,255,255,,
50,16,255,255,255,,
51,16,255,255,255,,
52,16,255,255,255,,
53,16,255,255,255,,
54,16,255,219,144,,
55,16,58,0,0,,
56,16,0,0,0,,
57,16,0,0,0,,
58,16,0,0,0,,
59,16,0,0,0,,
60,16,102,182,255,,
61,16,255,255,255,,
62,16,255,255,255,,
63,16,255,255,255,,
64,16,255,255,255,,
65,16,255,255,255,,
66,16,255,255,255,,
67,16,255,255,255,,
68,16,255,255,255,,
69,16,255,255,255,,
70,16,219,144,58,,
71,16,0,0,0,,
72,16,0,0,0,,
73,16,58,144,182,,
74,16,144,58,0,,
75,16,0,0,0,,
76,16,0,0,102,,
77,16,182,255,255,,
78,16,255,255,255,,
79,16,255,255,255,,
80,16,255,255,255,,
81,16,255,255,255,,
82,16,255,255,255,,
83,16,255,255,255,,
84,16,255,255,255,,
85,16,255,255,255,,
86,16,255,182,102,,
87,16,0,0,0,,
88,16,0,0,0,,
89,16,0,102,182,,
90,16,255,255,255,,
91,16,255,255,255,,
92,16,255,255,255,,
93,16,255,255,255,,
94,16,255,255,255,,
95,16,255,255,255,,
96,16,255,255,255,,
97,16,255,255,255,,
98,16,255,255,255,,
,,,,,,
,,,,,,
0,17,255,255,255,,thisMapaVsechPismenNaVsechRadcich.json
1,17,255,255,255,,
2,17,255,219,144,,
3,17,58,0,0,,
4,17,0,0,0,,
5,17,0,102,182,,
6,17,255,255,255,,
7,17,255,255,255,,
8,17,255,255,255,,
9,17,219,144,58,,
10,17,0,0,0,,
11,17,0,0,0,,
12,17,58,144,219,,
13,17,255,255,255,,
14,17,255,255,255,,
15,17,255,255,255,,
16,17,255,255,255,,
17,17,255,255,255,,
18,17,255,255,255,,
19,17,255,255,255,,
20,17,219,144,58,,
21,17,0,0,0,,
22,17,0,0,0,,
23,17,0,102,182,,
24,17,255,255,255,,
25,17,255,255,255,,
26,17,255,255,255,,
27,17,255,219,144,,
28,17,58,0,0,,
29,17,0,0,0,,
30,17,0,0,102,,
31,17,182,255,255,,
32,17,255,255,255,,
33,17,255,255,255,,
34,17,255,255,255,,
35,17,255,255,255,,
36,17,255,255,255,,
37,17,255,255,182,,
38,17,102,0,0,,
39,17,0,0,0,,
40,17,0,0,58,,
41,17,144,219,255,,
42,17,255,255,255,,
43,17,255,255,255,,
44,17,255,255,255,,
45,17,255,255,255,,
46,17,255,255,255,,
47,17,255,255,255,,
48,17,255,255,255,,
49,17,255,255,255,,
50,17,255,255,255,,
51,17,255,255,255,,
52,17,255,255,255,,
53,17,255,255,219,,
54,17,144,58,0,,
55,17,0,0,0,,
56,17,0,0,58,,
57,17,144,144,102,,
58,17,0,0,0,,
59,17,0,0,0,,
60,17,0,0,102,,
61,17,182,255,255,,
62,17,255,255,255,,
63,17,255,255,255,,
64,17,255,255,255,,
65,17,255,255,255,,
66,17,255,255,255,,
67,17,255,255,255,,
68,17,255,255,255,,
69,17,255,255,255,,
70,17,255,219,144,,
71,17,58,0,0,,
72,17,0,0,0,,
73,17,0,0,0,,
74,17,0,0,0,,
75,17,0,0,0,,
76,17,0,102,182,,
77,17,255,255,255,,
78,17,255,255,255,,
79,17,255,255,255,,
80,17,255,255,255,,
81,17,255,255,255,,
82,17,255,255,255,,
83,17,255,255,255,,
84,17,255,255,255,,
85,17,255,255,182,,
86,17,102,0,0,,
87,17,0,0,0,,
88,17,0,0,58,,
89,17,144,219,255,,
90,17,255,255,255,,
91,17,255,255,255,,
92,17,255,255,255,,
93,17,255,255,255,,
94,17,255,255,255,,
95,17,255,255,255,,
96,17,255,255,255,,
97,17,255,255,255,,
98,17,255,255,255,,
,,,,,,
,,,,,,
0,18,255,255,255,,thisMapaVsechPismenNaVsechRadcich.json
1,18,255,255,255,,
2,18,255,255,182,,
3,18,102,0,0,,
4,18,0,0,0,,
5,18,0,0,102,,
6,18,182,219,255,,
7,18,255,255,255,,
8,18,219,182,144,,
9,18,58,0,0,,
10,18,0,0,0,,
11,18,0,0,0,,
12,18,58,144,219,,
13,18,255,255,255,,
14,18,255,255,255,,
15,18,255,255,255,,
16,18,255,255,255,,
17,18,255,255,255,,
18,18,255,255,255,,
19,18,255,255,255,,
20,18,219,144,58,,
21,18,0,0,0,,
22,18,0,0,0,,
23,18,0,0,0,,
24,18,58,102,182,,
25,18,219,255,255,,
26,18,255,219,182,,
27,18,144,58,0,,
28,18,0,0,0,,
29,18,0,0,0,,
30,18,58,144,219,,
31,18,255,255,255,,
32,18,255,255,255,,
33,18,255,255,255,,
34,18,255,255,255,,
35,18,255,255,255,,
36,18,255,255,255,,
37,18,255,255,255,,
38,18,182,102,0,,
39,18,0,0,0,,
40,18,0,0,0,,
41,18,0,58,144,,
42,18,219,255,255,,
43,18,255,255,255,,
44,18,255,219,182,,
45,18,144,102,58,,
46,18,102,182,255,,
47,18,255,255,255,,
48,18,255,255,255,,
49,18,255,255,255,,
50,18,255,255,255,,
51,18,255,255,255,,
52,18,255,255,255,,
53,18,255,182,102,,
54,18,0,0,0,,
55,18,0,0,0,,
56,18,0,102,182,,
57,18,255,255,219,,
58,18,144,58,0,,
59,18,0,0,0,,
60,18,0,0,0,,
61,18,58,144,219,,
62,18,255,255,255,,
63,18,255,255,255,,
64,18,255,255,255,,
65,18,255,255,255,,
66,18,255,255,255,,
67,18,255,255,255,,
68,18,255,255,255,,
69,18,255,255,255,,
70,18,255,255,219,,
71,18,144,58,0,,
72,18,0,0,0,,
73,18,0,0,0,,
74,18,0,0,0,,
75,18,0,0,0,,
76,18,102,182,255,,
77,18,255,255,255,,
78,18,255,255,255,,
79,18,255,255,255,,
80,18,255,255,255,,
81,18,255,255,255,,
82,18,255,255,255,,
83,18,255,255,255,,
84,18,255,255,255,,
85,18,182,102,0,,
86,18,0,0,0,,
87,18,0,0,0,,
88,18,58,144,219,,
89,18,255,255,255,,
90,18,255,255,255,,
91,18,255,255,255,,
92,18,255,255,255,,
93,18,255,255,255,,
94,18,255,255,255,,
95,18,255,255,255,,
96,18,255,255,255,,
97,18,255,255,255,,
98,18,255,255,255,,
,,,,,,
,,,,,,
0,19,255,255,255,,thisMapaVsechPismenNaVsechRadcich.json
1,19,255,255,255,,
2,19,255,255,255,,
3,19,182,102,0,,
4,19,0,0,0,,
5,19,0,0,0,,
6,19,0,0,0,,
7,19,0,0,0,,
8,19,0,0,0,,
9,19,0,0,0,,
10,19,0,0,0,,
11,19,0,0,0,,
12,19,58,144,219,,
13,19,255,255,255,,
14,19,255,255,255,,
15,19,255,255,255,,
16,19,255,255,255,,
17,19,255,255,255,,
18,19,255,255,255,,
19,19,255,255,255,,
20,19,219,144,58,,
21,19,0,0,0,,
22,19,0,0,58,,
23,19,58,58,0,,
24,19,0,0,0,,
25,19,0,0,0,,
26,19,0,0,0,,
27,19,0,0,0,,
28,19,0,0,0,,
29,19,0,0,102,,
30,19,182,255,255,,
31,19,255,255,255,,
32,19,255,255,255,,
33,19,255,255,255,,
34,19,255,255,255,,
35,19,255,255,255,,
36,19,255,255,255,,
37,19,255,255,255,,
38,19,255,255,182,,
39,19,102,58,0,,
40,19,0,0,0,,
41,19,0,0,0,,
42,19,0,0,0,,
43,19,0,0,0,,
44,19,0,0,0,,
45,19,0,0,0,,
46,19,102,182,255,,
47,19,255,255,255,,
48,19,255,255,255,,
49,19,255,255,255,,
50,19,255,255,255,,
51,19,255,255,255,,
52,19,255,255,182,,
53,19,102,0,0,,
54,19,0,0,0,,
55,19,0,0,102,,
56,19,182,255,255,,
57,19,255,255,255,,
58,19,255,182,102,,
59,19,0,0,0,,
60,19,0,0,0,,
61,19,0,0,58,,
62,19,144,219,255,,
63,19,255,255,255,,
64,19,255,255,255,,
65,19,255,255,255,,
66,19,255,255,255,,
67,19,255,255,255,,
68,19,255,255,255,,
69,19,255,255,255,,
70,19,255,255,255,,
71,19,255,182,102,,
72,19,0,0,0,,
73,19,0,0,0,,
74,19,0,0,0,,
75,19,0,0,102,,
76,19,182,255,255,,
77,19,255,255,255,,
78,19,255,255,255,,
79,19,255,255,255,,
80,19,255,255,255,,
81,19,255,255,255,,
82,19,255,255,255,,
83,19,255,255,255,,
84,19,255,255,182,,
85,19,102,0,0,,
86,19,0,0,0,,
87,19,0,0,0,,
88,19,0,0,0,,
89,19,0,0,0,,
90,19,0,0,0,,
91,19,0,0,0,,
92,19,0,58,144,,
93,19,219,255,255,,
94,19,255,255,255,,
95,19,255,255,255,,
96,19,255,255,255,,
97,19,255,255,255,,
98,19,255,255,255,,
,,,,,,
,,,,,,
0,20,255,255,255,,thisMapaVsechPismenNaVsechRadcich.json
1,20,255,255,255,,
2,20,255,255,255,,
3,20,255,255,219,,
4,20,182,144,102,,
5,20,58,0,0,,
6,20,0,0,0,,
7,20,0,0,0,,
8,20,58,58,102,,
9,20,182,219,182,,
10,20,102,0,0,,
11,20,0,0,0,,
12,20,58,144,219,,
13,20,255,255,255,,
14,20,255,255,255,,
15,20,255,255,255,,
16,20,255,255,255,,
17,20,255,255,255,,
18,20,255,255,255,,
19,20,255,255,255,,
20,20,219,144,58,,
21,20,0,0,0,,
22,20,0,0,102,,
23,20,182,255,219,,
24,20,182,144,102,,
25,20,58,0,0,,
26,20,0,0,0,,
27,20,0,0,0,,
28,20,58,102,144,,
29,20,219,255,255,,
30,20,255,255,255,,
31,20,255,255,255,,
32,20,255,255,255,,
33,20,255,255,255,,
34,20,255,255,255,,
35,20,255,255,255,,
36,20,255,255,255,,
37,20,255,255,255,,
38,20,255,255,255,,
39,20,255,255,219,,
40,20,182,102,58,,
41,20,58,0,0,,
42,20,0,0,0,,
43,20,0,0,0,,
44,20,0,58,58,,
45,20,102,144,182,,
46,20,219,255,255,,
47,20,255,255,255,,
48,20,255,255,255,,
49,20,255,255,255,,
50,20,255,255,255,,
51,20,255,255,255,,
52,20,219,144,58,,
53,20,0,0,0,,
54,20,0,0,0,,
55,20,58,144,219,,
56,20,255,255,255,,
57,20,255,255,255,,
58,20,255,255,255,,
59,20,182,102,0,,
60,20,0,0,0,,
61,20,0,0,0,,
62,20,58,144,219,,
63,20,255,255,255,,
64,20,255,255,255,,
65,20,255,255,255,,
66,20,255,255,255,,
67,20,255,255,255,,
68,20,255,255,255,,
69,20,255,255,255,,
70,20,255,255,255,,
71,20,255,255,182,,
72,20,102,0,0,,
73,20,0,0,0,,
74,20,0,0,0,,
75,20,0,102,182,,
76,20,255,255,255,,
77,20,255,255,255,,
78,20,255,255,255,,
79,20,255,255,255,,
80,20,255,255,255,,
81,20,255,255,255,,
82,20,255,255,255,,
83,20,255,255,255,,
84,20,255,255,182,,
85,20,102,0,0,,
86,20,0,0,0,,
87,20,0,0,0,,
88,20,0,0,0,,
89,20,0,0,0,,
90,20,0,0,0,,
91,20,0,0,0,,
92,20,0,58,144,,
93,20,219,255,255,,
94,20,255,255,255,,
95,20,255,255,255,,
96,20,255,255,255,,
97,20,255,255,255,,
98,20,255,255,255,,
,,,,,,
,,,,,,
0,21,255,255,255,,thisMapaVsechPismenNaVsechRadcich.json
1,21,255,255,255,,
2,21,255,255,255,,
3,21,255,255,255,,
4,21,255,255,255,,
5,21,255,255,255,,
6,21,255,255,255,,
7,21,255,255,255,,
8,21,255,255,255,,
9,21,255,255,255,,
10,21,255,255,255,,
11,21,255,255,255,,
12,21,255,255,255,,
13,21,255,255,255,,
14,21,255,255,255,,
15,21,255,255,255,,
16,21,255,255,255,,
17,21,255,255,255,,
18,21,255,255,255,,
19,21,255,255,255,,
20,21,255,255,255,,
21,21,255,255,255,,
22,21,255,255,255,,
23,21,255,255,255,,
24,21,255,255,255,,
25,21,255,255,255,,
26,21,255,255,255,,
27,21,255,255,255,,
28,21,255,255,255,,
29,21,255,255,255,,
30,21,255,255,255,,
31,21,255,255,255,,
32,21,255,255,255,,
33,21,255,255,255,,
34,21,255,255,255,,
35,21,255,255,255,,
36,21,255,255,255,,
37,21,255,255,255,,
38,21,255,255,255,,
39,21,255,255,255,,
40,21,255,255,255,,
41,21,255,255,255,,
42,21,255,255,255,,
43,21,255,255,255,,
44,21,255,255,255,,
45,21,255,255,255,,
46,21,255,255,255,,
47,21,255,255,255,,
48,21,255,255,255,,
49,21,255,255,255,,
50,21,255,255,255,,
51,21,255,255,255,,
52,21,255,255,255,,
53,21,255,255,255,,
54,21,255,255,255,,
55,21,255,255,255,,
56,21,255,255,255,,
57,21,255,255,255,,
58,21,255,255,255,,
59,21,255,255,255,,
60,21,255,255,255,,
61,21,255,255,255,,
62,21,255,255,255,,
63,21,255,255,255,,
64,21,255,255,255,,
65,21,255,255,255,,
66,21,255,255,255,,
67,21,255,255,255,,
68,21,255,255,255,,
69,21,255,255,255,,
70,21,255,255,255,,
71,21,255,255,219,,
72,21,144,58,0,,
73,21,0,0,0,,
74,21,0,0,58,,
75,21,144,219,255,,
76,21,255,255,255,,
77,21,255,255,255,,
78,21,255,255,255,,
79,21,255,255,255,,
80,21,255,255,255,,
81,21,255,255,255,,
82,21,255,255,255,,
83,21,255,255,255,,
84,21,255,255,255,,
85,21,255,255,255,,
86,21,255,255,255,,
87,21,255,255,255,,
88,21,255,255,255,,
89,21,255,255,255,,
90,21,255,255,255,,
91,21,255,255,255,,
92,21,255,255,255,,
93,21,255,255,255,,
94,21,255,255,255,,
95,21,255,255,255,,
96,21,255,255,255,,
97,21,255,255,255,,
98,21,255,255,255,,
,,,,,,
,,,,,,
0,22,255,255,255,,thisMapaVsechPismenNaVsechRadcich.json
1,22,255,255,255,,
2,22,255,255,255,,
3,22,255,255,255,,
4,22,255,255,255,,
5,22,255,255,255,,
6,22,255,255,255,,
7,22,255,255,255,,
8,22,255,255,255,,
9,22,255,255,255,,
10,22,255,255,255,,
11,22,255,255,255,,
12,22,255,255,255,,
13,22,255,255,255,,
14,22,255,255,255,,
15,22,255,255,255,,
16,22,255,255,255,,
17,22,255,255,255,,
18,22,255,255,255,,
19,22,255,255,255,,
20,22,255,255,255,,
21,22,255,255,255,,
22,22,255,255,255,,
23,22,255,255,255,,
24,22,255,255,255,,
25,22,255,255,255,,
26,22,255,255,255,,
27,22,255,255,255,,
28,22,255,255,255,,
29,22,255,255,255,,
30,22,255,255,255,,
31,22,255,255,255,,
32,22,255,255,255,,
33,22,255,255,255,,
34,22,255,255,255,,
35,22,255,255,255,,
36,22,255,255,255,,
37,22,255,255,255,,
38,22,255,255,255,,
39,22,255,255,255,,
40,22,255,255,255,,
41,22,255,255,255,,
42,22,255,255,255,,
43,22,255,255,255,,
44,22,255,255,255,,
45,22,255,255,255,,
46,22,255,255,255,,
47,22,255,255,255,,
48,22,255,255,255,,
49,22,255,255,255,,
50,22,255,255,255,,
51,22,255,255,255,,
52,22,255,255,255,,
53,22,255,255,255,,
54,22,255,255,255,,
55,22,255,255,255,,
56,22,255,255,255,,
57,22,255,255,255,,
58,22,255,255,255,,
59,22,255,255,255,,
60,22,255,255,255,,
61,22,255,255,255,,
62,22,255,255,255,,
63,22,255,255,255,,
64,22,255,255,255,,
65,22,255,255,255,,
66,22,255,255,255,,
67,22,255,255,255,,
68,22,255,255,255,,
69,22,255,255,255,,
70,22,255,255,255,,
71,22,255,219,144,,
72,22,58,0,0,,
73,22,0,0,0,,
74,22,0,58,144,,
75,22,219,255,255,,
76,22,255,255,255,,
77,22,255,255,255,,
78,22,255,255,255,,
79,22,255,255,255,,
80,22,255,255,255,,
81,22,255,255,255,,
82,22,255,255,255,,
83,22,255,255,255,,
84,22,255,255,255,,
85,22,255,255,255,,
86,22,255,255,255,,
87,22,255,255,255,,
88,22,255,255,255,,
89,22,255,255,255,,
90,22,255,255,255,,
91,22,255,255,255,,
92,22,255,255,255,,
93,22,255,255,255,,
94,22,255,255,255,,
95,22,255,255,255,,
96,22,255,255,255,,
97,22,255,255,255,,
98,22,255,255,255,,
,,,,,,
,,,,,,
0,23,255,255,255,,thisMapaVsechPismenNaVsechRadcich.json
1,23,255,255,255,,
2,23,255,255,255,,
3,23,255,255,255,,
4,23,255,255,255,,
5,23,255,255,255,,
6,23,255,255,255,,
7,23,255,255,255,,
8,23,255,255,255,,
9,23,255,255,255,,
10,23,255,255,255,,
11,23,255,255,255,,
12,23,255,255,255,,
13,23,255,255,255,,
14,23,255,255,255,,
15,23,255,255,255,,
16,23,255,255,255,,
17,23,255,255,255,,
18,23,255,255,255,,
19,23,255,255,255,,
20,23,255,255,255,,
21,23,255,255,255,,
22,23,255,255,255,,
23,23,255,255,255,,
24,23,255,255,255,,
25,23,255,255,255,,
26,23,255,255,255,,
27,23,255,255,255,,
28,23,255,255,255,,
29,23,255,255,255,,
30,23,255,255,255,,
31,23,255,255,255,,
32,23,255,255,255,,
33,23,255,255,255,,
34,23,255,255,255,,
35,23,255,255,255,,
36,23,255,255,255,,
37,23,255,255,255,,
38,23,255,255,255,,
39,23,255,255,255,,
40,23,255,255,255,,
41,23,255,255,255,,
42,23,255,255,255,,
43,23,255,255,255,,
44,23,255,255,255,,
45,23,255,255,255,,
46,23,255,255,255,,
47,23,255,255,255,,
48,23,255,255,255,,
49,23,255,255,255,,
50,23,255,255,255,,
51,23,255,255,255,,
52,23,255,255,255,,
53,23,255,255,255,,
54,23,255,255,255,,
55,23,255,255,255,,
56,23,255,255,255,,
57,23,255,255,255,,
58,23,255,255,255,,
59,23,255,255,255,,
60,23,255,255,255,,
61,23,255,255,255,,
62,23,255,255,255,,
63,23,255,255,255,,
64,23,255,255,255,,
65,23,255,255,255,,
66,23,255,255,255,,
67,23,255,255,255,,
68,23,255,255,255,,
69,23,255,255,255,,
70,23,255,255,255,,
71,23,182,102,0,,
72,23,0,0,0,,
73,23,0,0,0,,
74,23,58,144,219,,
75,23,255,255,255,,
76,23,255,255,255,,
77,23,255,255,255,,
78,23,255,255,255,,
79,23,255,255,255,,
80,23,255,255,255,,
81,23,255,255,255,,
82,23,255,255,255,,
83,23,255,255,255,,
84,23,255,255,255,,
85,23,255,255,255,,
86,23,255,255,255,,
87,23,255,255,255,,
88,23,255,255,255,,
89,23,255,255,255,,
90,23,255,255,255,,
91,23,255,255,255,,
92,23,255,255,255,,
93,23,255,255,255,,
94,23,255,255,255,,
95,23,255,255,255,,
96,23,255,255,255,,
97,23,255,255,255,,
98,23,255,255,255,,
,,,,,,
,,,,,,
0,24,255,255,255,,thisMapaVsechPismenNaVsechRadcich.json
1,24,255,255,255,,
2,24,255,255,255,,
3,24,255,255,255,,
4,24,255,255,255,,
5,24,255,255,255,,
6,24,255,255,255,,
7,24,255,255,255,,
8,24,255,255,255,,
9,24,255,255,255,,
10,24,255,255,255,,
11,24,255,255,255,,
12,24,255,255,255,,
13,24,255,255,255,,
14,24,255,255,255,,
15,24,255,255,255,,
16,24,255,255,255,,
17,24,255,255,255,,
18,24,255,255,255,,
19,24,255,255,255,,
20,24,255,255,255,,
21,24,255,255,255,,
22,24,255,255,255,,
23,24,255,255,255,,
24,24,255,255,255,,
25,24,255,255,255,,
26,24,255,255,255,,
27,24,255,255,255,,
28,24,255,255,255,,
29,24,255,255,255,,
30,24,255,255,255,,
31,24,255,255,255,,
32,24,255,255,255,,
33,24,255,255,255,,
34,24,255,255,255,,
35,24,255,255,255,,
36,24,255,255,255,,
37,24,255,255,255,,
38,24,255,255,255,,
39,24,255,255,255,,
40,24,255,255,255,,
41,24,255,255,255,,
42,24,255,255,255,,
43,24,255,255,255,,
44,24,255,255,255,,
45,24,255,255,255,,
46,24,255,255,255,,
47,24,255,255,255,,
48,24,255,255,255,,
49,24,255,255,255,,
50,24,255,255,255,,
51,24,255,255,255,,
52,24,255,255,255,,
53,24,255,255,255,,
54,24,255,255,255,,
55,24,255,255,255,,
56,24,255,255,255,,
57,24,255,255,255,,
58,24,255,255,255,,
59,24,255,255,255,,
60,24,255,255,255,,
61,24,255,255,255,,
62,24,255,255,255,,
63,24,255,255,255,,
64,24,255,255,255,,
65,24,255,255,255,,
66,24,255,255,255,,
67,24,255,255,255,,
68,24,255,255,255,,
69,24,255,255,255,,
70,24,255,219,182,,
71,24,102,0,0,,
72,24,0,0,0,,
73,24,0,0,102,,
74,24,144,219,255,,
75,24,255,255,255,,
76,24,255,255,255,,
77,24,255,255,255,,
78,24,255,255,255,,
79,24,255,255,255,,
80,24,255,255,255,,
81,24,255,255,255,,
82,24,255,255,255,,
83,24,255,255,255,,
84,24,255,255,255,,
85,24,255,255,255,,
86,24,255,255,255,,
87,24,255,255,255,,
88,24,255,255,255,,
89,24,255,255,255,,
90,24,255,255,255,,
91,24,255,255,255,,
92,24,255,255,255,,
93,24,255,255,255,,
94,24,255,255,255,,
95,24,255,255,255,,
96,24,255,255,255,,
97,24,255,255,255,,
98,24,255,255,255,,
,,,,,,
,,,,,,
0,33,255,255,255,,thisMapaVsechPismenNaVsechRadcich.json
1,33,255,255,255,,
2,33,255,255,255,,
3,33,255,255,219,,
4,33,182,102,0,,
5,33,0,0,0,,
6,33,0,0,0,,
7,33,0,0,0,,
8,33,0,0,0,,
9,33,0,0,0,,
10,33,0,0,0,,
11,33,0,0,102,,
12,33,182,255,255,,
13,33,255,255,255,,
14,33,255,255,255,,
15,33,255,255,255,,
16,33,255,255,255,,
17,33,255,255,255,,
18,33,255,255,255,,
19,33,255,255,255,,
20,33,219,144,58,,
21,33,0,0,0,,
22,33,0,0,0,,
23,33,0,0,0,,
24,33,0,0,0,,
25,33,0,0,0,,
26,33,0,0,0,,
27,33,0,0,0,,
28,33,0,0,102,,
29,33,182,255,255,,
30,33,255,255,255,,
31,33,255,255,255,,
32,33,255,255,255,,
33,33,255,255,255,,
34,33,255,255,255,,
35,33,255,255,255,,
36,33,255,255,255,,
37,33,255,255,255,,
38,33,255,255,255,,
39,33,255,255,255,,
40,33,255,255,255,,
41,33,255,255,255,,
42,33,255,255,255,,
43,33,255,255,255,,
44,33,255,255,255,,
45,33,255,255,255,,
46,33,255,255,255,,
47,33,255,255,255,,
48,33,255,255,255,,
49,33,255,255,255,,
50,33,255,255,255,,
51,33,255,255,255,,
52,33,255,255,255,,
53,33,255,255,255,,
54,33,255,255,255,,
55,33,255,255,255,,
56,33,255,255,255,,
57,33,255,255,255,,
58,33,255,255,255,,
59,33,255,255,255,,
60,33,255,255,255,,
61,33,255,255,255,,
62,33,255,255,255,,
63,33,255,255,255,,
64,33,255,255,255,,
65,33,255,255,255,,
66,33,255,255,255,,
67,33,255,255,255,,
68,33,255,255,255,,
69,33,255,255,255,,
70,33,255,255,255,,
71,33,255,255,255,,
72,33,255,255,255,,
73,33,255,255,255,,
74,33,255,255,255,,
75,33,255,255,255,,
76,33,255,255,255,,
77,33,255,255,255,,
78,33,255,255,255,,
79,33,255,255,255,,
80,33,255,255,255,,
81,33,255,255,255,,
82,33,255,255,255,,
83,33,255,255,255,,
84,33,255,255,255,,
85,33,255,255,255,,
86,33,255,255,255,,
87,33,255,255,255,,
88,33,255,255,255,,
89,33,255,255,255,,
90,33,255,255,255,,
91,33,255,255,255,,
92,33,255,255,255,,
93,33,255,255,255,,
94,33,255,255,255,,
95,33,255,255,255,,
96,33,255,255,255,,
97,33,255,255,255,,
98,33,255,255,255,,
,,,,,,
,,,,,,
0,34,255,255,255,,thisMapaVsechPismenNaVsechRadcich.json
1,34,255,255,255,,
2,34,255,255,255,,
3,34,219,144,58,,
4,34,0,0,0,,
5,34,0,0,0,,
6,34,58,144,182,,
7,34,219,255,255,,
8,34,255,255,255,,
9,34,219,182,102,,
10,34,0,0,0,,
11,34,0,0,0,,
12,34,0,102,182,,
13,34,255,255,255,,
14,34,255,255,255,,
15,34,255,255,255,,
16,34,255,255,255,,
17,34,255,255,255,,
18,34,255,255,255,,
19,34,255,255,255,,
20,34,219,144,58,,
21,34,0,58,102,,
22,34,144,182,219,,
23,34,219,255,255,,
24,34,255,255,255,,
25,34,255,255,219,,
26,34,144,58,0,,
27,34,0,0,0,,
28,34,0,0,0,,
29,34,102,182,255,,
30,34,255,255,255,,
31,34,255,255,255,,
32,34,255,255,255,,
33,34,255,255,255,,
34,34,255,255,255,,
35,34,255,255,255,,
36,34,255,255,255,,
37,34,255,255,255,,
38,34,255,255,255,,
39,34,255,255,255,,
40,34,255,255,255,,
41,34,255,255,255,,
42,34,255,255,255,,
43,34,255,255,255,,
44,34,255,255,255,,
45,34,255,255,255,,
46,34,255,255,255,,
47,34,255,255,255,,
48,34,255,255,255,,
49,34,255,255,255,,
50,34,255,255,255,,
51,34,255,255,255,,
52,34,255,255,255,,
53,34,255,255,255,,
54,34,255,255,255,,
55,34,255,255,255,,
56,34,255,255,255,,
57,34,255,255,255,,
58,34,255,255,255,,
59,34,255,255,255,,
60,34,255,255,255,,
61,34,255,255,255,,
62,34,255,255,255,,
63,34,255,255,255,,
64,34,255,255,255,,
65,34,255,255,255,,
66,34,255,255,255,,
67,34,255,255,255,,
68,34,255,255,255,,
69,34,255,255,255,,
70,34,255,255,255,,
71,34,255,255,255,,
72,34,255,255,255,,
73,34,255,255,255,,
74,34,255,255,255,,
75,34,255,255,255,,
76,34,255,255,255,,
77,34,255,255,255,,
78,34,255,255,255,,
79,34,255,255,255,,
80,34,255,255,255,,
81,34,255,255,255,,
82,34,255,255,255,,
83,34,255,255,255,,
84,34,255,255,255,,
85,34,255,255,255,,
86,34,255,255,255,,
87,34,255,255,255,,
88,34,255,255,255,,
89,34,255,255,255,,
90,34,255,255,255,,
91,34,255,255,255,,
92,34,255,255,255,,
93,34,255,255,255,,
94,34,255,255,255,,
95,34,255,255,255,,
96,34,255,255,255,,
97,34,255,255,255,,
98,34,255,255,255,,
,,,,,,
,,,,,,
0,35,255,255,255,,thisMapaVsechPismenNaVsechRadcich.json
1,35,255,255,255,,
2,35,255,255,219,,
3,35,144,58,0,,
4,35,0,0,0,,
5,35,0,0,102,,
6,35,182,255,255,,
7,35,255,255,255,,
8,35,255,255,255,,
9,35,255,255,219,,
10,35,144,58,0,,
11,35,0,0,0,,
12,35,0,0,102,,
13,35,182,255,255,,
14,35,255,255,255,,
15,35,255,255,255,,
16,35,255,255,255,,
17,35,255,255,255,,
18,35,255,255,255,,
19,35,255,255,255,,
20,35,255,255,255,,
21,35,255,255,255,,
22,35,255,255,255,,
23,35,255,255,255,,
24,35,255,255,255,,
25,35,255,255,255,,
26,35,219,144,58,,
27,35,0,0,0,,
28,35,0,0,0,,
29,35,58,144,219,,
30,35,255,255,255,,
31,35,255,255,255,,
32,35,255,255,255,,
33,35,255,255,255,,
34,35,255,255,255,,
35,35,255,255,255,,
36,35,255,255,255,,
37,35,255,255,255,,
38,35,255,255,255,,
39,35,255,255,255,,
40,35,255,255,255,,
41,35,255,255,255,,
42,35,255,255,255,,
43,35,255,255,255,,
44,35,255,255,255,,
45,35,255,255,255,,
46,35,255,255,255,,
47,35,255,255,255,,
48,35,255,255,255,,
49,35,255,255,255,,
50,35,255,255,255,,
51,35,255,255,255,,
52,35,255,255,255,,
53,35,255,255,255,,
54,35,255,255,255,,
55,35,255,255,255,,
56,35,255,255,255,,
57,35,255,255,255,,
58,35,255,255,255,,
59,35,255,255,255,,
60,35,255,255,255,,
61,35,255,255,255,,
62,35,255,255,255,,
63,35,255,255,255,,
64,35,255,255,255,,
65,35,255,255,255,,
66,35,255,255,255,,
67,35,255,255,255,,
68,35,255,255,255,,
69,35,255,255,255,,
70,35,255,255,255,,
71,35,255,255,255,,
72,35,255,255,255,,
73,35,255,255,255,,
74,35,255,255,255,,
75,35,255,255,255,,
76,35,255,255,255,,
77,35,255,255,255,,
78,35,255,255,255,,
79,35,255,255,255,,
80,35,255,255,255,,
81,35,255,255,255,,
82,35,255,255,255,,
83,35,255,255,255,,
84,35,255,255,255,,
85,35,255,255,255,,
86,35,255,255,255,,
87,35,255,255,255,,
88,35,255,255,255,,
89,35,255,255,255,,
90,35,255,255,255,,
91,35,255,255,255,,
92,35,255,255,255,,
93,35,255,255,255,,
94,35,255,255,255,,
95,35,255,255,255,,
96,35,255,255,255,,
97,35,255,255,255,,
98,35,255,255,255,,
,,,,,,
,,,,,,
0,36,255,255,255,,thisMapaVsechPismenNaVsechRadcich.json
1,36,255,255,255,,
2,36,255,255,182,,
3,36,102,0,0,,
4,36,0,0,0,,
5,36,0,0,0,,
6,36,0,0,0,,
7,36,0,0,0,,
8,36,0,0,0,,
9,36,0,0,0,,
10,36,0,0,0,,
11,36,0,0,0,,
12,36,0,0,102,,
13,36,182,255,255,,
14,36,255,255,255,,
15,36,255,255,255,,
16,36,255,255,255,,
17,36,255,255,255,,
18,36,255,255,255,,
19,36,255,255,255,,
20,36,255,255,255,,
21,36,219,219,182,,
22,36,144,102,58,,
23,36,58,58,0,,
24,36,0,0,0,,
25,36,0,0,0,,
26,36,0,0,0,,
27,36,0,0,0,,
28,36,0,0,0,,
29,36,58,144,219,,
30,36,255,255,255,,
31,36,255,255,255,,
32,36,255,255,255,,
33,36,255,255,255,,
34,36,255,255,255,,
35,36,255,255,255,,
36,36,255,255,255,,
37,36,255,255,255,,
38,36,255,255,255,,
39,36,255,255,255,,
40,36,255,255,255,,
41,36,255,255,255,,
42,36,255,255,255,,
43,36,255,255,255,,
44,36,255,255,255,,
45,36,255,255,255,,
46,36,255,255,255,,
47,36,255,255,255,,
48,36,255,255,255,,
49,36,255,255,255,,
50,36,255,255,255,,
51,36,255,255,255,,
52,36,255,255,255,,
53,36,255,255,255,,
54,36,255,255,255,,
55,36,255,255,255,,
56,36,255,255,255,,
57,36,255,255,255,,
58,36,255,255,255,,
59,36,255,255,255,,
60,36,255,255,255,,
61,36,255,255,255,,
62,36,255,255,255,,
63,36,255,255,255,,
64,36,255,255,255,,
65,36,255,255,255,,
66,36,255,255,255,,
67,36,255,255,255,,
68,36,255,255,255,,
69,36,255,255,255,,
70,36,255,255,255,,
71,36,255,255,255,,
72,36,255,255,255,,
73,36,255,255,255,,
74,36,255,255,255,,
75,36,255,255,255,,
76,36,255,255,255,,
77,36,255,255,255,,
78,36,255,255,255,,
79,36,255,255,255,,
80,36,255,255,255,,
81,36,255,255,255,,
82,36,255,255,255,,
83,36,255,255,255,,
84,36,255,255,255,,
85,36,255,255,255,,
86,36,255,255,255,,
87,36,255,255,255,,
88,36,255,255,255,,
89,36,255,255,255,,
90,36,255,255,255,,
91,36,255,255,255,,
92,36,255,255,255,,
93,36,255,255,255,,
94,36,255,255,255,,
95,36,255,255,255,,
96,36,255,255,255,,
97,36,255,255,255,,
98,36,255,255,255,,
,,,,,,
,,,,,,
0,37,255,255,255,,thisMapaVsechPismenNaVsechRadcich.json
1,37,255,255,255,,
2,37,255,219,144,,
3,37,58,0,0,,
4,37,0,0,0,,
5,37,0,0,0,,
6,37,0,0,0,,
7,37,0,0,0,,
8,37,0,0,0,,
9,37,0,0,0,,
10,37,0,0,0,,
11,37,0,0,0,,
12,37,0,0,102,,
13,37,182,255,255,,
14,37,255,255,255,,
15,37,255,255,255,,
16,37,255,255,255,,
17,37,255,255,255,,
18,37,255,255,255,,
19,37,255,255,255,,
20,37,219,144,58,,
21,37,0,0,0,,
22,37,0,0,0,,
23,37,0,0,0,,
24,37,0,0,0,,
25,37,0,0,0,,
26,37,0,0,0,,
27,37,0,0,0,,
28,37,0,0,0,,
29,37,58,144,219,,
30,37,255,255,255,,
31,37,255,255,255,,
32,37,255,255,255,,
33,37,255,255,255,,
34,37,255,255,255,,
35,37,255,255,255,,
36,37,255,255,255,,
37,37,255,255,255,,
38,37,255,255,255,,
39,37,255,255,255,,
40,37,255,255,255,,
41,37,255,255,255,,
42,37,255,255,255,,
43,37,255,255,255,,
44,37,255,255,255,,
45,37,255,255,255,,
46,37,255,255,255,,
47,37,255,255,255,,
48,37,255,255,255,,
49,37,255,255,255,,
50,37,255,255,255,,
51,37,255,255,255,,
52,37,255,255,255,,
53,37,255,255,255,,
54,37,255,255,255,,
55,37,255,255,255,,
56,37,255,255,255,,
57,37,255,255,255,,
58,37,255,255,255,,
59,37,255,255,255,,
60,37,255,255,255,,
61,37,255,255,255,,
62,37,255,255,255,,
63,37,255,255,255,,
64,37,255,255,255,,
65,37,255,255,255,,
66,37,255,255,255,,
67,37,255,255,255,,
68,37,255,255,255,,
69,37,255,255,255,,
70,37,255,255,255,,
71,37,255,255,255,,
72,37,255,255,255,,
73,37,255,255,255,,
74,37,255,255,255,,
75,37,255,255,255,,
76,37,255,255,255,,
77,37,255,255,255,,
78,37,255,255,255,,
79,37,255,255,255,,
80,37,255,255,255,,
81,37,255,255,255,,
82,37,255,255,255,,
83,37,255,255,255,,
84,37,255,255,255,,
85,37,255,255,255,,
86,37,255,255,255,,
87,37,255,255,255,,
88,37,255,255,255,,
89,37,255,255,255,,
90,37,255,255,255,,
91,37,255,255,255,,
92,37,255,255,255,,
93,37,255,255,255,,
94,37,255,255,255,,
95,37,255,255,255,,
96,37,255,255,255,,
97,37,255,255,255,,
98,37,255,255,255,,
,,,,,,
,,,,,,
0,38,255,255,255,,thisMapaVsechPismenNaVsechRadcich.json
1,38,255,255,255,,
2,38,255,219,144,,
3,38,58,0,0,,
4,38,0,0,0,,
5,38,0,58,144,,
6,38,219,255,255,,
7,38,255,255,255,,
8,38,255,255,255,,
9,38,255,255,255,,
10,38,255,255,255,,
11,38,255,255,255,,
12,38,255,255,255,,
13,38,255,255,255,,
14,38,255,255,255,,
15,38,255,255,255,,
16,38,255,255,255,,
17,38,255,255,255,,
18,38,255,255,255,,
19,38,255,255,182,,
20,38,102,0,0,,
21,38,0,0,0,,
22,38,0,0,58,,
23,38,144,182,219,,
24,38,255,255,255,,
25,38,255,255,255,,
26,38,219,144,58,,
27,38,0,0,0,,
28,38,0,0,0,,
29,38,58,144,219,,
30,38,255,255,255,,
31,38,255,255,255,,
32,38,255,255,255,,
33,38,255,255,255,,
34,38,255,255,255,,
35,38,255,255,255,,
36,38,255,255,255,,
37,38,255,255,255,,
38,38,255,255,255,,
39,38,255,255,255,,
40,38,255,255,255,,
41,38,255,255,255,,
42,38,255,255,255,,
43,38,255,255,255,,
44,38,255,255,255,,
45,38,255,255,255,,
46,38,255,255,255,,
47,38,255,255,255,,
48,38,255,255,255,,
49,38,255,255,255,,
50,38,255,255,255,,
51,38,255,255,255,,
52,38,255,255,255,,
53,38,255,255,255,,
54,38,255,255,255,,
55,38,255,255,255,,
56,38,255,255,255,,
57,38,255,255,255,,
58,38,255,255,255,,
59,38,255,255,255,,
60,38,255,255,255,,
61,38,255,255,255,,
62,38,255,255,255,,
63,38,255,255,255,,
64,38,255,255,255,,
65,38,255,255,255,,
66,38,255,255,255,,
67,38,255,255,255,,
68,38,255,255,255,,
69,38,255,255,255,,
70,38,255,255,255,,
71,38,255,255,255,,
72,38,255,255,255,,
73,38,255,255,255,,
74,38,255,255,255,,
75,38,255,255,255,,
76,38,255,255,255,,
77,38,255,255,255,,
78,38,255,255,255,,
79,38,255,255,255,,
80,38,255,255,255,,
81,38,255,255,255,,
82,38,255,255,255,,
83,38,255,255,255,,
84,38,255,255,255,,
85,38,255,255,255,,
86,38,255,255,255,,
87,38,255,255,255,,
88,38,255,255,255,,
89,38,255,255,255,,
90,38,255,255,255,,
91,38,255,255,255,,
92,38,255,255,255,,
93,38,255,255,255,,
94,38,255,255,255,,
95,38,255,255,255,,
96,38,255,255,255,,
97,38,255,255,255,,
98,38,255,255,255,,
,,,,,,
,,,,,,
0,39,255,255,255,,thisMapaVsechPismenNaVsechRadcich.json
1,39,255,255,255,,
2,39,255,255,182,,
3,39,102,0,0,,
4,39,0,0,0,,
5,39,0,0,58,,
6,39,144,219,255,,
7,39,255,255,255,,
8,39,255,255,255,,
9,39,255,255,255,,
10,39,255,255,255,,
11,39,255,255,255,,
12,39,255,255,255,,
13,39,255,255,255,,
14,39,255,255,255,,
15,39,255,255,255,,
16,39,255,255,255,,
17,39,255,255,255,,
18,39,255,255,255,,
19,39,255,219,144,,
20,39,58,0,0,,
21,39,0,0,0,,
22,39,0,102,182,,
23,39,255,255,255,,
24,39,255,255,255,,
25,39,255,255,255,,
26,39,219,144,58,,
27,39,0,0,0,,
28,39,0,0,0,,
29,39,58,144,219,,
30,39,255,255,255,,
31,39,255,255,255,,
32,39,255,255,255,,
33,39,255,255,255,,
34,39,255,255,255,,
35,39,255,255,255,,
36,39,255,255,255,,
37,39,255,255,255,,
38,39,255,255,255,,
39,39,255,255,255,,
40,39,255,255,255,,
41,39,255,255,255,,
42,39,255,255,255,,
43,39,255,255,255,,
44,39,255,255,255,,
45,39,255,255,255,,
46,39,255,255,255,,
47,39,255,255,255,,
48,39,255,255,255,,
49,39,255,255,255,,
50,39,255,255,255,,
51,39,255,255,255,,
52,39,255,255,255,,
53,39,255,255,255,,
54,39,255,255,255,,
55,39,255,255,255,,
56,39,255,255,255,,
57,39,255,255,255,,
58,39,255,255,255,,
59,39,255,255,255,,
60,39,255,255,255,,
61,39,255,255,255,,
62,39,255,255,255,,
63,39,255,255,255,,
64,39,255,255,255,,
65,39,255,255,255,,
66,39,255,255,255,,
67,39,255,255,255,,
68,39,255,255,255,,
69,39,255,255,255,,
70,39,255,255,255,,
71,39,255,255,255,,
72,39,255,255,255,,
73,39,255,255,255,,
74,39,255,255,255,,
75,39,255,255,255,,
76,39,255,255,255,,
77,39,255,255,255,,
78,39,255,255,255,,
79,39,255,255,255,,
80,39,255,255,255,,
81,39,255,255,255,,
82,39,255,255,255,,
83,39,255,255,255,,
84,39,255,255,255,,
85,39,255,255,255,,
86,39,255,255,255,,
87,39,255,255,255,,
88,39,255,255,255,,
89,39,255,255,255,,
90,39,255,255,255,,
91,39,255,255,255,,
92,39,255,255,255,,
93,39,255,255,255,,
94,39,255,255,255,,
95,39,255,255,255,,
96,39,255,255,255,,
97,39,255,255,255,,
98,39,255,255,255,,
,,,,,,
,,,,,,
0,40,255,255,255,,thisMapaVsechPismenNaVsechRadcich.json
1,40,255,255,255,,
2,40,255,255,255,,
3,40,182,102,0,,
4,40,0,0,0,,
5,40,0,0,0,,
6,40,0,58,144,,
7,40,182,219,255,,
8,40,255,255,255,,
9,40,255,255,255,,
10,40,219,219,182,,
11,40,102,58,58,,
12,40,58,144,219,,
13,40,255,255,255,,
14,40,255,255,255,,
15,40,255,255,255,,
16,40,255,255,255,,
17,40,255,255,255,,
18,40,255,255,255,,
19,40,255,255,182,,
20,40,102,0,0,,
21,40,0,0,0,,
22,40,0,0,102,,
23,40,182,219,255,,
24,40,255,255,255,,
25,40,219,182,144,,
26,40,58,0,0,,
27,40,0,0,0,,
28,40,0,0,0,,
29,40,58,144,219,,
30,40,255,255,255,,
31,40,255,255,255,,
32,40,255,255,255,,
33,40,255,255,255,,
34,40,255,255,255,,
35,40,255,255,255,,
36,40,255,255,255,,
37,40,255,255,255,,
38,40,255,255,255,,
39,40,255,255,255,,
40,40,255,255,255,,
41,40,255,255,255,,
42,40,255,255,255,,
43,40,255,255,255,,
44,40,255,255,255,,
45,40,255,255,255,,
46,40,255,255,255,,
47,40,255,255,255,,
48,40,255,255,255,,
49,40,255,255,255,,
50,40,255,255,255,,
51,40,255,255,255,,
52,40,255,255,255,,
53,40,255,255,255,,
54,40,255,255,255,,
55,40,255,255,255,,
56,40,255,255,255,,
57,40,255,255,255,,
58,40,255,255,255,,
59,40,255,255,255,,
60,40,255,255,255,,
61,40,255,255,255,,
62,40,255,255,255,,
63,40,255,255,255,,
64,40,255,255,255,,
65,40,255,255,255,,
66,40,255,255,255,,
67,40,255,255,255,,
68,40,255,255,255,,
69,40,255,255,255,,
70,40,255,255,255,,
71,40,255,255,255,,
72,40,255,255,255,,
73,40,255,255,255,,
74,40,255,255,255,,
75,40,255,255,255,,
76,40,255,255,255,,
77,40,255,255,255,,
78,40,255,255,255,,
79,40,255,255,255,,
80,40,255,255,255,,
81,40,255,255,255,,
82,40,255,255,255,,
83,40,255,255,255,,
84,40,255,255,255,,
85,40,255,255,255,,
86,40,255,255,255,,
87,40,255,255,255,,
88,40,255,255,255,,
89,40,255,255,255,,
90,40,255,255,255,,
91,40,255,255,255,,
92,40,255,255,255,,
93,40,255,255,255,,
94,40,255,255,255,,
95,40,255,255,255,,
96,40,255,255,255,,
97,40,255,255,255,,
98,40,255,255,255,,
,,,,,,
,,,,,,
0,41,255,255,255,,thisMapaVsechPismenNaVsechRadcich.json
1,41,255,255,255,,
2,41,255,255,255,,
3,41,255,255,182,,
4,41,102,58,0,,
5,41,0,0,0,,
6,41,0,0,0,,
7,41,0,0,0,,
8,41,0,0,0,,
9,41,0,0,0,,
10,41,0,0,0,,
11,41,0,0,0,,
12,41,58,144,219,,
13,41,255,255,255,,
14,41,255,255,255,,
15,41,255,255,255,,
16,41,255,255,255,,
17,41,255,255,255,,
18,41,255,255,255,,
19,41,255,255,255,,
20,41,182,102,0,,
21,41,0,0,0,,
22,41,0,0,0,,
23,41,0,0,0,,
24,41,0,0,0,,
25,41,0,0,0,,
26,41,0,0,0,,
27,41,0,0,0,,
28,41,0,0,0,,
29,41,58,144,219,,
30,41,255,255,255,,
31,41,255,255,255,,
32,41,255,255,255,,
33,41,255,255,255,,
34,41,255,255,255,,
35,41,255,255,255,,
36,41,255,255,255,,
37,41,255,255,255,,
38,41,255,255,255,,
39,41,255,255,255,,
40,41,255,255,255,,
41,41,255,255,255,,
42,41,255,255,255,,
43,41,255,255,255,,
44,41,255,255,255,,
45,41,255,255,255,,
46,41,255,255,255,,
47,41,255,255,255,,
48,41,255,255,255,,
49,41,255,255,255,,
50,41,255,255,255,,
51,41,255,255,255,,
52,41,255,255,255,,
53,41,255,255,255,,
54,41,255,255,255,,
55,41,255,255,255,,
56,41,255,255,255,,
57,41,255,255,255,,
58,41,255,255,255,,
59,41,255,255,255,,
60,41,255,255,255,,
61,41,255,255,255,,
62,41,255,255,255,,
63,41,255,255,255,,
64,41,255,255,255,,
65,41,255,255,255,,
66,41,255,255,255,,
67,41,255,255,255,,
68,41,255,255,255,,
69,41,255,255,255,,
70,41,255,255,255,,
71,41,255,255,255,,
72,41,255,255,255,,
73,41,255,255,255,,
74,41,255,255,255,,
75,41,255,255,255,,
76,41,255,255,255,,
77,41,255,255,255,,
78,41,255,255,255,,
79,41,255,255,255,,
80,41,255,255,255,,
81,41,255,255,255,,
82,41,255,255,255,,
83,41,255,255,255,,
84,41,255,255,255,,
85,41,255,255,255,,
86,41,255,255,255,,
87,41,255,255,255,,
88,41,255,255,255,,
89,41,255,255,255,,
90,41,255,255,255,,
91,41,255,255,255,,
92,41,255,255,255,,
93,41,255,255,255,,
94,41,255,255,255,,
95,41,255,255,255,,
96,41,255,255,255,,
97,41,255,255,255,,
98,41,255,255,255,,
,,,,,,
,,,,,,
0,42,255,255,255,,thisMapaVsechPismenNaVsechRadcich.json
1,42,255,255,255,,
2,42,255,255,255,,
3,42,255,255,255,,
4,42,255,255,219,,
5,42,182,144,102,,
6,42,58,58,0,,
7,42,0,0,0,,
8,42,0,0,0,,
9,42,0,0,0,,
10,42,58,58,102,,
11,42,144,182,219,,
12,42,255,255,255,,
13,42,255,255,255,,
14,42,255,255,255,,
15,42,255,255,255,,
16,42,255,255,255,,
17,42,255,255,255,,
18,42,255,255,255,,
19,42,255,255,255,,
20,42,255,255,219,,
21,42,182,144,102,,
22,42,58,0,0,,
23,42,0,0,0,,
24,42,0,0,0,,
25,42,58,58,102,,
26,42,182,219,182,,
27,42,102,0,0,,
28,42,0,0,0,,
29,42,58,144,219,,
30,42,255,255,255,,
31,42,255,255,255,,
32,42,255,255,255,,
33,42,255,255,255,,
34,42,255,255,255,,
35,42,255,255,255,,
36,42,255,255,255,,
37,42,255,255,255,,
38,42,255,255,255,,
39,42,255,255,255,,
40,42,255,255,255,,
41,42,255,255,255,,
42,42,255,255,255,,
43,42,255,255,255,,
44,42,255,255,255,,
45,42,255,255,255,,
46,42,255,255,255,,
47,42,255,255,255,,
48,42,255,255,255,,
49,42,255,255,255,,
50,42,255,255,255,,
51,42,255,255,255,,
52,42,255,255,255,,
53,42,255,255,255,,
54,42,255,255,255,,
55,42,255,255,255,,
56,42,255,255,255,,
57,42,255,255,255,,
58,42,255,255,255,,
59,42,255,255,255,,
60,42,255,255,255,,
61,42,255,255,255,,
62,42,255,255,255,,
63,42,255,255,255,,
64,42,255,255,255,,
65,42,255,255,255,,
66,42,255,255,255,,
67,42,255,255,255,,
68,42,255,255,255,,
69,42,255,255,255,,
70,42,255,255,255,,
71,42,255,255,255,,
72,42,255,255,255,,
73,42,255,255,255,,
74,42,255,255,255,,
75,42,255,255,255,,
76,42,255,255,255,,
77,42,255,255,255,,
78,42,255,255,255,,
79,42,255,255,255,,
80,42,255,255,255,,
81,42,255,255,255,,
82,42,255,255,255,,
83,42,255,255,255,,
84,42,255,255,255,,
85,42,255,255,255,,
86,42,255,255,255,,
87,42,255,255,255,,
88,42,255,255,255,,
89,42,255,255,255,,
90,42,255,255,255,,
91,42,255,255,255,,
92,42,255,255,255,,
93,42,255,255,255,,
94,42,255,255,255,,
95,42,255,255,255,,
96,42,255,255,255,,
97,42,255,255,255,,
98,42,255,255,255,,
,,,,,,
,,,,,,
0,50,255,255,255,,thisMapaVsechPismenNaVsechRadcich.json
1,50,255,255,255,,
2,50,255,255,255,,
3,50,255,255,255,,
4,50,255,255,255,,
5,50,255,255,255,,
6,50,255,255,255,,
7,50,255,255,255,,
8,50,255,255,255,,
9,50,255,255,255,,
10,50,255,255,255,,
11,50,255,255,255,,
12,50,255,255,255,,
13,50,255,255,255,,
14,50,255,255,255,,
15,50,255,255,255,,
16,50,255,255,255,,
17,50,255,255,255,,
18,50,255,255,255,,
19,50,255,255,255,,
20,50,255,255,255,,
21,50,255,255,255,,
22,50,255,255,255,,
23,50,255,255,255,,
24,50,255,255,255,,
25,50,255,255,255,,
26,50,255,255,255,,
27,50,255,255,255,,
28,50,255,255,255,,
29,50,255,255,255,,
30,50,255,255,255,,
31,50,255,255,255,,
32,50,255,255,255,,
33,50,255,255,255,,
34,50,255,255,255,,
35,50,255,255,255,,
36,50,255,255,255,,
37,50,255,255,255,,
38,50,255,255,255,,
39,50,255,255,255,,
40,50,255,255,255,,
41,50,255,255,255,,
42,50,255,255,255,,
43,50,255,255,255,,
44,50,255,255,255,,
45,50,255,255,255,,
46,50,255,255,255,,
47,50,255,255,255,,
48,50,255,255,255,,
49,50,255,255,255,,
50,50,219,144,58,,
51,50,0,0,0,,
52,50,0,0,0,,
53,50,58,144,219,,
54,50,255,255,255,,
55,50,255,255,255,,
56,50,255,255,255,,
57,50,255,255,255,,
58,50,255,255,255,,
59,50,255,255,255,,
60,50,255,255,255,,
61,50,255,255,255,,
62,50,255,255,255,,
63,50,255,255,255,,
64,50,255,255,255,,
65,50,255,255,255,,
66,50,255,255,255,,
67,50,255,255,255,,
68,50,255,255,255,,
69,50,255,255,255,,
70,50,255,255,255,,
71,50,255,255,255,,
72,50,255,255,255,,
73,50,255,255,255,,
74,50,255,255,255,,
75,50,255,255,255,,
76,50,255,255,255,,
77,50,255,255,255,,
78,50,255,255,255,,
79,50,255,255,255,,
80,50,255,255,255,,
81,50,255,255,255,,
82,50,255,255,255,,
83,50,255,255,255,,
84,50,255,255,255,,
85,50,255,255,255,,
86,50,255,255,255,,
87,50,255,255,255,,
88,50,255,255,255,,
89,50,255,255,255,,
90,50,255,255,255,,
91,50,255,255,255,,
92,50,255,255,255,,
93,50,255,255,255,,
94,50,255,255,255,,
95,50,255,255,255,,
96,50,255,255,255,,
97,50,255,255,255,,
98,50,255,255,255,,
,,,,,,
,,,,,,
0,51,255,255,255,,thisMapaVsechPismenNaVsechRadcich.json
1,51,255,255,255,,
2,51,255,255,255,,
3,51,255,255,255,,
4,51,255,255,255,,
5,51,255,255,255,,
6,51,255,255,255,,
7,51,255,255,255,,
8,51,255,255,255,,
9,51,255,255,255,,
10,51,255,255,255,,
11,51,255,255,255,,
12,51,255,255,255,,
13,51,255,255,255,,
14,51,255,255,255,,
15,51,255,255,255,,
16,51,255,255,255,,
17,51,255,255,255,,
18,51,255,255,255,,
19,51,255,255,255,,
20,51,255,255,255,,
21,51,255,255,255,,
22,51,255,255,255,,
23,51,255,255,255,,
24,51,255,255,255,,
25,51,255,255,255,,
26,51,255,255,255,,
27,51,255,255,255,,
28,51,255,255,255,,
29,51,255,255,255,,
30,51,255,255,255,,
31,51,255,255,255,,
32,51,255,255,255,,
33,51,255,255,255,,
34,51,255,255,255,,
35,51,255,255,255,,
36,51,255,255,255,,
37,51,255,255,255,,
38,51,255,255,255,,
39,51,255,255,255,,
40,51,255,255,255,,
41,51,255,255,255,,
42,51,255,255,255,,
43,51,255,255,255,,
44,51,255,255,255,,
45,51,255,255,255,,
46,51,255,255,255,,
47,51,255,255,255,,
48,51,255,255,255,,
49,51,255,255,255,,
50,51,219,144,58,,
51,51,0,0,0,,
52,51,0,0,0,,
53,51,58,144,219,,
54,51,255,255,255,,
55,51,255,255,255,,
56,51,255,255,255,,
57,51,255,255,255,,
58,51,255,255,255,,
59,51,255,255,255,,
60,51,255,255,255,,
61,51,255,255,255,,
62,51,255,255,255,,
63,51,255,255,255,,
64,51,255,255,255,,
65,51,255,255,255,,
66,51,255,255,255,,
67,51,255,255,255,,
68,51,255,255,255,,
69,51,255,255,255,,
70,51,255,255,255,,
71,51,255,255,255,,
72,51,255,255,255,,
73,51,255,255,255,,
74,51,255,255,255,,
75,51,255,255,255,,
76,51,255,255,255,,
77,51,255,255,255,,
78,51,255,255,255,,
79,51,255,255,255,,
80,51,255,255,255,,
81,51,255,255,255,,
82,51,255,255,255,,
83,51,255,255,255,,
84,51,255,255,255,,
85,51,255,255,255,,
86,51,255,255,255,,
87,51,255,255,255,,
88,51,255,255,255,,
89,51,255,255,255,,
90,51,255,255,255,,
91,51,255,255,255,,
92,51,255,255,255,,
93,51,255,255,255,,
94,51,255,255,255,,
95,51,255,255,255,,
96,51,255,255,255,,
97,51,255,255,255,,
98,51,255,255,255,,
,,,,,,
,,,,,,
0,52,255,255,255,,thisMapaVsechPismenNaVsechRadcich.json
1,52,255,255,255,,
2,52,255,255,255,,
3,52,255,255,255,,
4,52,255,255,255,,
5,52,255,255,255,,
6,52,255,255,255,,
7,52,255,255,255,,
8,52,255,255,255,,
9,52,255,255,255,,
10,52,255,255,255,,
11,52,255,255,255,,
12,52,255,255,255,,
13,52,255,255,255,,
14,52,255,255,255,,
15,52,255,255,255,,
16,52,255,255,255,,
17,52,255,255,255,,
18,52,255,255,255,,
19,52,255,255,255,,
20,52,255,255,255,,
21,52,255,255,255,,
22,52,255,255,255,,
23,52,255,255,255,,
24,52,255,255,255,,
25,52,255,255,255,,
26,52,255,255,255,,
27,52,255,255,255,,
28,52,255,255,255,,
29,52,255,255,255,,
30,52,255,255,255,,
31,52,255,255,255,,
32,52,255,255,255,,
33,52,255,255,255,,
34,52,255,255,255,,
35,52,255,255,255,,
36,52,255,255,255,,
37,52,255,255,255,,
38,52,255,255,255,,
39,52,255,255,255,,
40,52,255,255,255,,
41,52,255,255,255,,
42,52,255,255,255,,
43,52,255,255,255,,
44,52,255,255,255,,
45,52,255,255,255,,
46,52,255,255,255,,
47,52,255,255,255,,
48,52,255,255,255,,
49,52,255,255,255,,
50,52,219,144,58,,
51,52,0,0,0,,
52,52,0,0,0,,
53,52,58,144,219,,
54,52,255,255,255,,
55,52,255,255,255,,
56,52,255,255,255,,
57,52,255,255,255,,
58,52,255,255,255,,
59,52,255,255,255,,
60,52,255,255,255,,
61,52,255,255,255,,
62,52,255,255,255,,
63,52,255,255,255,,
64,52,255,255,255,,
65,52,255,255,255,,
66,52,255,255,255,,
67,52,255,255,255,,
68,52,255,255,255,,
69,52,255,255,255,,
70,52,255,255,255,,
71,52,255,255,255,,
72,52,255,255,255,,
73,52,255,255,255,,
74,52,255,255,255,,
75,52,255,255,255,,
76,52,255,255,255,,
77,52,255,255,255,,
78,52,255,255,255,,
79,52,255,255,255,,
80,52,255,255,255,,
81,52,255,255,255,,
82,52,255,255,255,,
83,52,255,255,255,,
84,52,255,255,255,,
85,52,255,255,255,,
86,52,255,255,255,,
87,52,255,255,255,,
88,52,255,255,255,,
89,52,255,255,255,,
90,52,255,255,255,,
91,52,255,255,255,,
92,52,255,255,255,,
93,52,255,255,255,,
94,52,255,255,255,,
95,52,255,255,255,,
96,52,255,255,255,,
97,52,255,255,255,,
98,52,255,255,255,,
,,,,,,
,,,,,,
0,53,255,255,255,,thisMapaVsechPismenNaVsechRadcich.json
1,53,255,255,255,,
2,53,255,255,255,,
3,53,255,255,255,,
4,53,255,255,255,,
5,53,255,255,255,,
6,53,255,255,255,,
7,53,255,255,255,,
8,53,255,255,255,,
9,53,255,255,255,,
10,53,255,255,255,,
11,53,255,255,255,,
12,53,255,255,255,,
13,53,255,255,255,,
14,53,255,255,255,,
15,53,255,255,255,,
16,53,255,255,255,,
17,53,255,255,255,,
18,53,255,255,255,,
19,53,255,255,255,,
20,53,255,255,255,,
21,53,255,255,255,,
22,53,255,255,255,,
23,53,255,255,255,,
24,53,255,255,255,,
25,53,255,255,255,,
26,53,255,255,255,,
27,53,255,255,255,,
28,53,255,255,255,,
29,53,255,255,255,,
30,53,255,255,255,,
31,53,255,255,255,,
32,53,255,255,255,,
33,53,255,255,255,,
34,53,255,255,255,,
35,53,255,255,255,,
36,53,255,255,255,,
37,53,255,255,255,,
38,53,255,255,255,,
39,53,255,255,255,,
40,53,255,255,255,,
41,53,255,255,255,,
42,53,255,255,255,,
43,53,255,255,255,,
44,53,255,255,255,,
45,53,255,255,255,,
46,53,255,255,255,,
47,53,255,255,255,,
48,53,255,255,255,,
49,53,255,255,255,,
50,53,219,144,58,,
51,53,0,0,0,,
52,53,0,0,0,,
53,53,58,144,219,,
54,53,255,255,255,,
55,53,255,255,255,,
56,53,255,255,255,,
57,53,255,255,255,,
58,53,255,255,255,,
59,53,255,255,255,,
60,53,255,255,255,,
61,53,255,255,255,,
62,53,255,255,255,,
63,53,255,255,255,,
64,53,255,255,255,,
65,53,255,255,255,,
66,53,255,255,255,,
67,53,255,255,255,,
68,53,255,255,255,,
69,53,255,255,255,,
70,53,255,255,255,,
71,53,255,255,255,,
72,53,255,255,255,,
73,53,255,255,255,,
74,53,255,255,255,,
75,53,255,255,255,,
76,53,255,255,255,,
77,53,255,255,255,,
78,53,255,255,255,,
79,53,255,255,255,,
80,53,255,255,255,,
81,53,255,255,255,,
82,53,255,255,255,,
83,53,255,255,255,,
84,53,255,255,255,,
85,53,255,255,255,,
86,53,255,255,255,,
87,53,255,255,255,,
88,53,255,255,255,,
89,53,255,255,255,,
90,53,255,255,255,,
91,53,255,255,255,,
92,53,255,255,255,,
93,53,255,255,255,,
94,53,255,255,255,,
95,53,255,255,255,,
96,53,255,255,255,,
97,53,255,255,255,,
98,53,255,255,255,,
,,,,,,
,,,,,,
0,54,255,255,255,,thisMapaVsechPismenNaVsechRadcich.json
1,54,255,255,255,,
2,54,255,255,255,,
3,54,255,255,255,,
4,54,255,255,255,,
5,54,255,255,255,,
6,54,255,255,255,,
7,54,255,255,255,,
8,54,255,255,255,,
9,54,255,255,255,,
10,54,255,255,255,,
11,54,255,255,255,,
12,54,255,255,255,,
13,54,255,255,255,,
14,54,255,255,255,,
15,54,255,255,255,,
16,54,255,255,255,,
17,54,255,255,255,,
18,54,255,255,255,,
19,54,219,144,58,,
20,54,0,0,0,,
21,54,0,0,0,,
22,54,58,144,219,,
23,54,255,255,255,,
24,54,255,255,255,,
25,54,255,255,255,,
26,54,219,144,58,,
27,54,0,0,0,,
28,54,0,0,0,,
29,54,58,144,219,,
30,54,255,255,255,,
31,54,255,255,255,,
32,54,255,255,255,,
33,54,255,182,102,,
34,54,0,0,0,,
35,54,0,0,0,,
36,54,58,144,219,,
37,54,255,255,255,,
38,54,255,255,255,,
39,54,255,255,255,,
40,54,255,255,255,,
41,54,255,255,255,,
42,54,255,255,255,,
43,54,255,255,255,,
44,54,255,255,219,,
45,54,182,102,58,,
46,54,58,0,0,,
47,54,0,0,0,,
48,54,0,0,58,,
49,54,102,144,219,,
50,54,219,144,58,,
51,54,0,0,0,,
52,54,0,0,0,,
53,54,58,144,219,,
54,54,255,255,255,,
55,54,255,255,255,,
56,54,255,255,255,,
57,54,255,255,255,,
58,54,255,255,255,,
59,54,255,255,255,,
60,54,255,255,255,,
61,54,255,255,255,,
62,54,255,255,255,,
63,54,255,255,255,,
64,54,255,255,255,,
65,54,255,255,255,,
66,54,255,255,255,,
67,54,255,255,255,,
68,54,255,255,255,,
69,54,255,255,255,,
70,54,255,255,255,,
71,54,255,255,255,,
72,54,255,255,255,,
73,54,255,255,255,,
74,54,255,255,255,,
75,54,255,255,255,,
76,54,255,255,255,,
77,54,255,255,255,,
78,54,255,255,255,,
79,54,255,255,255,,
80,54,255,255,255,,
81,54,255,255,255,,
82,54,255,255,255,,
83,54,255,255,255,,
84,54,255,255,255,,
85,54,255,255,255,,
86,54,255,255,255,,
87,54,255,255,255,,
88,54,255,255,255,,
89,54,255,255,255,,
90,54,255,255,255,,
91,54,255,255,255,,
92,54,255,255,255,,
93,54,255,255,255,,
94,54,255,255,255,,
95,54,255,255,255,,
96,54,255,255,255,,
97,54,255,255,255,,
98,54,255,255,255,,
,,,,,,
,,,,,,
0,55,255,255,255,,thisMapaVsechPismenNaVsechRadcich.json
1,55,255,255,255,,
2,55,255,255,255,,
3,55,255,255,255,,
4,55,255,255,255,,
5,55,255,255,255,,
6,55,255,255,255,,
7,55,255,255,255,,
8,55,255,255,255,,
9,55,255,255,255,,
10,55,255,255,255,,
11,55,255,255,255,,
12,55,255,255,255,,
13,55,255,255,255,,
14,55,255,255,255,,
15,55,255,255,255,,
16,55,255,255,255,,
17,55,255,255,255,,
18,55,255,255,255,,
19,55,255,182,102,,
20,55,0,0,0,,
21,55,0,0,0,,
22,55,0,58,144,,
23,55,219,255,255,,
24,55,255,255,255,,
25,55,255,255,255,,
26,55,182,102,0,,
27,55,0,0,0,,
28,55,0,0,0,,
29,55,0,58,144,,
30,55,219,255,255,,
31,55,255,255,255,,
32,55,255,255,255,,
33,55,182,102,0,,
34,55,0,0,0,,
35,55,0,0,0,,
36,55,102,182,255,,
37,55,255,255,255,,
38,55,255,255,255,,
39,55,255,255,255,,
40,55,255,255,255,,
41,55,255,255,255,,
42,55,255,255,255,,
43,55,255,255,219,,
44,55,144,58,0,,
45,55,0,0,0,,
46,55,0,0,0,,
47,55,0,0,0,,
48,55,0,0,0,,
49,55,0,0,0,,
50,55,0,0,0,,
51,55,0,0,0,,
52,55,0,0,0,,
53,55,58,144,219,,
54,55,255,255,255,,
55,55,255,255,255,,
56,55,255,255,255,,
57,55,255,255,255,,
58,55,255,255,255,,
59,55,255,255,255,,
60,55,255,255,255,,
61,55,255,255,255,,
62,55,255,255,255,,
63,55,255,255,255,,
64,55,255,255,255,,
65,55,255,255,255,,
66,55,255,255,255,,
67,55,255,255,255,,
68,55,255,255,255,,
69,55,255,255,255,,
70,55,255,255,255,,
71,55,255,255,255,,
72,55,255,255,255,,
73,55,255,255,255,,
74,55,255,255,255,,
75,55,255,255,255,,
76,55,255,255,255,,
77,55,255,255,255,,
78,55,255,255,255,,
79,55,255,255,255,,
80,55,255,255,255,,
81,55,255,255,255,,
82,55,255,255,255,,
83,55,255,255,255,,
84,55,255,255,255,,
85,55,255,255,255,,
86,55,255,255,255,,
87,55,255,255,255,,
88,55,255,255,255,,
89,55,255,255,255,,
90,55,255,255,255,,
91,55,255,255,255,,
92,55,255,255,255,,
93,55,255,255,255,,
94,55,255,255,255,,
95,55,255,255,255,,
96,55,255,255,255,,
97,55,255,255,255,,
98,55,255,255,255,,
,,,,,,
,,,,,,
0,56,255,255,255,,thisMapaVsechPismenNaVsechRadcich.json
1,56,255,255,255,,
2,56,255,255,255,,
3,56,255,255,255,,
4,56,255,255,255,,
5,56,255,255,255,,
6,56,255,255,255,,
7,56,255,255,255,,
8,56,255,255,255,,
9,56,255,255,255,,
10,56,255,255,255,,
11,56,255,255,255,,
12,56,255,255,255,,
13,56,255,255,255,,
14,56,255,255,255,,
15,56,255,255,255,,
16,56,255,255,255,,
17,56,255,255,255,,
18,56,255,255,255,,
19,56,255,255,182,,
20,56,102,0,0,,
21,56,0,0,0,,
22,56,0,0,102,,
23,56,182,255,255,,
24,56,255,255,255,,
25,56,255,255,182,,
26,56,102,0,0,,
27,56,0,0,0,,
28,56,0,0,0,,
29,56,0,0,102,,
30,56,182,255,255,,
31,56,255,255,255,,
32,56,255,255,219,,
33,56,144,58,0,,
34,56,0,0,0,,
35,56,0,0,102,,
36,56,182,255,255,,
37,56,255,255,255,,
38,56,255,255,255,,
39,56,255,255,255,,
40,56,255,255,255,,
41,56,255,255,255,,
42,56,255,255,255,,
43,56,219,144,58,,
44,56,0,0,0,,
45,56,0,0,0,,
46,56,0,58,144,,
47,56,219,255,255,,
48,56,255,255,219,,
49,56,182,102,58,,
50,56,0,0,0,,
51,56,0,0,0,,
52,56,0,0,0,,
53,56,58,144,219,,
54,56,255,255,255,,
55,56,255,255,255,,
56,56,255,255,255,,
57,56,255,255,255,,
58,56,255,255,255,,
59,56,255,255,255,,
60,56,255,255,255,,
61,56,255,255,255,,
62,56,255,255,255,,
63,56,255,255,255,,
64,56,255,255,255,,
65,56,255,255,255,,
66,56,255,255,255,,
67,56,255,255,255,,
68,56,255,255,255,,
69,56,255,255,255,,
70,56,255,255,255,,
71,56,255,255,255,,
72,56,255,255,255,,
73,56,255,255,255,,
74,56,255,255,255,,
75,56,255,255,255,,
76,56,255,255,255,,
77,56,255,255,255,,
78,56,255,255,255,,
79,56,255,255,255,,
80,56,255,255,255,,
81,56,255,255,255,,
82,56,255,255,255,,
83,56,255,255,255,,
84,56,255,255,255,,
85,56,255,255,255,,
86,56,255,255,255,,
87,56,255,255,255,,
88,56,255,255,255,,
89,56,255,255,255,,
90,56,255,255,255,,
91,56,255,255,255,,
92,56,255,255,255,,
93,56,255,255,255,,
94,56,255,255,255,,
95,56,255,255,255,,
96,56,255,255,255,,
97,56,255,255,255,,
98,56,255,255,255,,
,,,,,,
,,,,,,
0,57,255,255,255,,thisMapaVsechPismenNaVsechRadcich.json
1,57,255,255,255,,
2,57,255,255,255,,
3,57,255,255,255,,
4,57,255,255,255,,
5,57,255,255,255,,
6,57,255,255,255,,
7,57,255,255,255,,
8,57,255,255,255,,
9,57,255,255,255,,
10,57,255,255,255,,
11,57,255,255,255,,
12,57,255,255,255,,
13,57,255,255,255,,
14,57,255,255,255,,
15,57,255,255,255,,
16,57,255,255,255,,
17,57,255,255,255,,
18,57,255,255,255,,
19,57,255,255,255,,
20,57,182,102,0,,
21,57,0,0,0,,
22,57,0,0,0,,
23,57,102,182,255,,
24,57,255,255,255,,
25,57,255,219,144,,
26,57,58,0,0,,
27,57,0,0,0,,
28,57,0,0,0,,
29,57,0,0,0,,
30,57,102,182,255,,
31,57,255,255,255,,
32,57,255,219,144,,
33,57,58,0,0,,
34,57,0,0,0,,
35,57,0,102,182,,
36,57,255,255,255,,
37,57,255,255,255,,
38,57,255,255,255,,
39,57,255,255,255,,
40,57,255,255,255,,
41,57,255,255,255,,
42,57,255,255,219,,
43,57,144,58,0,,
44,57,0,0,0,,
45,57,0,0,58,,
46,57,144,219,255,,
47,57,255,255,255,,
48,57,255,255,255,,
49,57,255,255,255,,
50,57,182,102,0,,
51,57,0,0,0,,
52,57,0,0,0,,
53,57,58,144,219,,
54,57,255,255,255,,
55,57,255,255,255,,
56,57,255,255,255,,
57,57,255,255,255,,
58,57,255,255,255,,
59,57,255,255,255,,
60,57,255,255,255,,
61,57,255,255,255,,
62,57,255,255,255,,
63,57,255,255,255,,
64,57,255,255,255,,
65,57,255,255,255,,
66,57,255,255,255,,
67,57,255,255,255,,
68,57,255,255,255,,
69,57,255,255,255,,
70,57,255,255,255,,
71,57,255,255,255,,
72,57,255,255,255,,
73,57,255,255,255,,
74,57,255,255,255,,
75,57,255,255,255,,
76,57,255,255,255,,
77,57,255,255,255,,
78,57,255,255,255,,
79,57,255,255,255,,
80,57,255,255,255,,
81,57,255,255,255,,
82,57,255,255,255,,
83,57,255,255,255,,
84,57,255,255,255,,
85,57,255,255,255,,
86,57,255,255,255,,
87,57,255,255,255,,
88,57,255,255,255,,
89,57,255,255,255,,
90,57,255,255,255,,
91,57,255,255,255,,
92,57,255,255,255,,
93,57,255,255,255,,
94,57,255,255,255,,
95,57,255,255,255,,
96,57,255,255,255,,
97,57,255,255,255,,
98,57,255,255,255,,
,,,,,,
,,,,,,
0,58,255,255,255,,thisMapaVsechPismenNaVsechRadcich.json
1,58,255,255,255,,
2,58,255,255,255,,
3,58,255,255,255,,
4,58,255,255,255,,
5,58,255,255,255,,
6,58,255,255,255,,
7,58,255,255,255,,
8,58,255,255,255,,
9,58,255,255,255,,
10,58,255,255,255,,
11,58,255,255,255,,
12,58,255,255,255,,
13,58,255,255,255,,
14,58,255,255,255,,
15,58,255,255,255,,
16,58,255,255,255,,
17,58,255,255,255,,
18,58,255,255,255,,
19,58,255,255,255,,
20,58,255,182,102,,
21,58,0,0,0,,
22,58,0,0,0,,
23,58,0,102,182,,
24,58,255,255,255,,
25,58,219,144,58,,
26,58,0,0,0,,
27,58,0,58,58,,
28,58,58,0,0,,
29,58,0,0,0,,
30,58,0,102,182,,
31,58,255,255,255,,
32,58,255,182,102,,
33,58,0,0,0,,
34,58,0,0,0,,
35,58,58,144,219,,
36,58,255,255,255,,
37,58,255,255,255,,
38,58,255,255,255,,
39,58,255,255,255,,
40,58,255,255,255,,
41,58,255,255,255,,
42,58,255,255,182,,
43,58,102,0,0,,
44,58,0,0,0,,
45,58,0,0,102,,
46,58,182,255,255,,
47,58,255,255,255,,
48,58,255,255,255,,
49,58,255,255,255,,
50,58,219,144,58,,
51,58,0,0,0,,
52,58,0,0,0,,
53,58,58,144,219,,
54,58,255,255,255,,
55,58,255,255,255,,
56,58,255,255,255,,
57,58,255,255,255,,
58,58,255,255,255,,
59,58,255,255,255,,
60,58,255,255,255,,
61,58,255,255,255,,
62,58,255,255,255,,
63,58,255,255,255,,
64,58,255,255,255,,
65,58,255,255,255,,
66,58,255,255,255,,
67,58,255,255,255,,
68,58,255,255,255,,
69,58,255,255,255,,
70,58,255,255,255,,
71,58,255,255,255,,
72,58,255,255,255,,
73,58,255,255,255,,
74,58,255,255,255,,
75,58,255,255,255,,
76,58,255,255,255,,
77,58,255,255,255,,
78,58,255,255,255,,
79,58,255,255,255,,
80,58,255,255,255,,
81,58,255,255,255,,
82,58,255,255,255,,
83,58,255,255,255,,
84,58,255,255,255,,
85,58,255,255,255,,
86,58,255,255,255,,
87,58,255,255,255,,
88,58,255,255,255,,
89,58,255,255,255,,
90,58,255,255,255,,
91,58,255,255,255,,
92,58,255,255,255,,
93,58,255,255,255,,
94,58,255,255,255,,
95,58,255,255,255,,
96,58,255,255,255,,
97,58,255,255,255,,
98,58,255,255,255,,
,,,,,,
,,,,,,
0,59,255,255,255,,thisMapaVsechPismenNaVsechRadcich.json
1,59,255,255,255,,
2,59,255,255,255,,
3,59,255,255,255,,
4,59,255,255,255,,
5,59,255,255,255,,
6,59,255,255,255,,
7,59,255,255,255,,
8,59,255,255,255,,
9,59,255,255,255,,
10,59,255,255,255,,
11,59,255,255,255,,
12,59,255,255,255,,
13,59,255,255,255,,
14,59,255,255,255,,
15,59,255,255,255,,
16,59,255,255,255,,
17,59,255,255,255,,
18,59,255,255,255,,
19,59,255,255,255,,
20,59,255,219,144,,
21,59,58,0,0,,
22,59,0,0,0,,
23,59,0,58,144,,
24,59,219,255,219,,
25,59,144,58,0,,
26,59,0,0,0,,
27,59,58,144,182,,
28,59,182,102,0,,
29,59,0,0,0,,
30,59,0,58,144,,
31,59,219,255,255,,
32,59,182,102,0,,
33,59,0,0,0,,
34,59,0,0,58,,
35,59,144,219,255,,
36,59,255,255,255,,
37,59,255,255,255,,
38,59,255,255,255,,
39,59,255,255,255,,
40,59,255,255,255,,
41,59,255,255,255,,
42,59,255,219,144,,
43,59,58,0,0,,
44,59,0,0,0,,
45,59,0,58,144,,
46,59,219,255,255,,
47,59,255,255,255,,
48,59,255,255,255,,
49,59,255,255,255,,
50,59,219,144,58,,
51,59,0,0,0,,
52,59,0,0,0,,
53,59,58,144,219,,
54,59,255,255,255,,
55,59,255,255,255,,
56,59,255,255,255,,
57,59,255,255,255,,
58,59,255,255,255,,
59,59,255,255,255,,
60,59,255,255,255,,
61,59,255,255,255,,
62,59,255,255,255,,
63,59,255,255,255,,
64,59,255,255,255,,
65,59,255,255,255,,
66,59,255,255,255,,
67,59,255,255,255,,
68,59,255,255,255,,
69,59,255,255,255,,
70,59,255,255,255,,
71,59,255,255,255,,
72,59,255,255,255,,
73,59,255,255,255,,
74,59,255,255,255,,
75,59,255,255,255,,
76,59,255,255,255,,
77,59,255,255,255,,
78,59,255,255,255,,
79,59,255,255,255,,
80,59,255,255,255,,
81,59,255,255,255,,
82,59,255,255,255,,
83,59,255,255,255,,
84,59,255,255,255,,
85,59,255,255,255,,
86,59,255,255,255,,
87,59,255,255,255,,
88,59,255,255,255,,
89,59,255,255,255,,
90,59,255,255,255,,
91,59,255,255,255,,
92,59,255,255,255,,
93,59,255,255,255,,
94,59,255,255,255,,
95,59,255,255,255,,
96,59,255,255,255,,
97,59,255,255,255,,
98,59,255,255,255,,
,,,,,,
,,,,,,
0,60,255,255,255,,thisMapaVsechPismenNaVsechRadcich.json
1,60,255,255,255,,
2,60,255,255,255,,
3,60,255,255,255,,
4,60,255,255,255,,
5,60,255,255,255,,
6,60,255,255,255,,
7,60,255,255,255,,
8,60,255,255,255,,
9,60,255,255,255,,
10,60,255,255,255,,
11,60,255,255,255,,
12,60,255,255,255,,
13,60,255,255,255,,
14,60,255,255,255,,
15,60,255,255,255,,
16,60,255,255,255,,
17,60,255,255,255,,
18,60,255,255,255,,
19,60,255,255,255,,
20,60,255,255,219,,
21,60,144,58,0,,
22,60,0,0,0,,
23,60,0,0,58,,
24,60,144,219,182,,
25,60,102,0,0,,
26,60,0,0,0,,
27,60,102,182,255,,
28,60,219,144,58,,
29,60,0,0,0,,
30,60,0,0,58,,
31,60,144,219,182,,
32,60,102,0,0,,
33,60,0,0,0,,
34,60,0,58,144,,
35,60,219,255,255,,
36,60,255,255,255,,
37,60,255,255,255,,
38,60,255,255,255,,
39,60,255,255,255,,
40,60,255,255,255,,
41,60,255,255,255,,
42,60,255,255,182,,
43,60,102,0,0,,
44,60,0,0,0,,
45,60,0,0,102,,
46,60,182,255,255,,
47,60,255,255,255,,
48,60,255,255,255,,
49,60,255,255,255,,
50,60,219,144,58,,
51,60,0,0,0,,
52,60,0,0,0,,
53,60,58,144,219,,
54,60,255,255,255,,
55,60,255,255,255,,
56,60,255,255,255,,
57,60,255,255,255,,
58,60,255,255,255,,
59,60,255,255,255,,
60,60,255,255,255,,
61,60,255,255,255,,
62,60,255,255,255,,
63,60,255,255,255,,
64,60,255,255,255,,
65,60,255,255,255,,
66,60,255,255,255,,
67,60,255,255,255,,
68,60,255,255,255,,
69,60,255,255,255,,
70,60,255,255,255,,
71,60,255,255,255,,
72,60,255,255,255,,
73,60,255,255,255,,
74,60,255,255,255,,
75,60,255,255,255,,
76,60,255,255,255,,
77,60,255,255,255,,
78,60,255,255,255,,
79,60,255,255,255,,
80,60,255,255,255,,
81,60,255,255,255,,
82,60,255,255,255,,
83,60,255,255,255,,
84,60,255,255,255,,
85,60,255,255,255,,
86,60,255,255,255,,
87,60,255,255,255,,
88,60,255,255,255,,
89,60,255,255,255,,
90,60,255,255,255,,
91,60,255,255,255,,
92,60,255,255,255,,
93,60,255,255,255,,
94,60,255,255,255,,
95,60,255,255,255,,
96,60,255,255,255,,
97,60,255,255,255,,
98,60,255,255,255,,
,,,,,,
,,,,,,
0,61,255,255,255,,thisMapaVsechPismenNaVsechRadcich.json
1,61,255,255,255,,
2,61,255,255,255,,
3,61,255,255,255,,
4,61,255,255,255,,
5,61,255,255,255,,
6,61,255,255,255,,
7,61,255,255,255,,
8,61,255,255,255,,
9,61,255,255,255,,
10,61,255,255,255,,
11,61,255,255,255,,
12,61,255,255,255,,
13,61,255,255,255,,
14,61,255,255,255,,
15,61,255,255,255,,
16,61,255,255,255,,
17,61,255,255,255,,
18,61,255,255,255,,
19,61,255,255,255,,
20,61,255,255,255,,
21,61,219,144,58,,
22,61,0,0,0,,
23,61,0,0,0,,
24,61,58,102,102,,
25,61,0,0,0,,
26,61,0,0,102,,
27,61,182,255,255,,
28,61,255,219,144,,
29,61,58,0,0,,
30,61,0,0,0,,
31,61,58,102,102,,
32,61,58,0,0,,
33,61,0,0,0,,
34,61,58,144,219,,
35,61,255,255,255,,
36,61,255,255,255,,
37,61,255,255,255,,
38,61,255,255,255,,
39,61,255,255,255,,
40,61,255,255,255,,
41,61,255,255,255,,
42,61,255,255,182,,
43,61,102,0,0,,
44,61,0,0,0,,
45,61,0,0,58,,
46,61,144,219,255,,
47,61,255,255,255,,
48,61,255,255,255,,
49,61,255,255,219,,
50,61,144,58,0,,
51,61,0,0,0,,
52,61,0,0,0,,
53,61,58,144,219,,
54,61,255,255,255,,
55,61,255,255,255,,
56,61,255,255,255,,
57,61,255,255,255,,
58,61,255,255,255,,
59,61,255,255,255,,
60,61,255,255,255,,
61,61,255,255,255,,
62,61,255,255,255,,
63,61,255,255,255,,
64,61,255,255,255,,
65,61,255,255,255,,
66,61,255,255,255,,
67,61,255,255,255,,
68,61,255,255,255,,
69,61,255,255,255,,
70,61,255,255,255,,
71,61,255,255,255,,
72,61,255,255,255,,
73,61,255,255,255,,
74,61,255,255,255,,
75,61,255,255,255,,
76,61,255,255,255,,
77,61,255,255,255,,
78,61,255,255,255,,
79,61,255,255,255,,
80,61,255,255,255,,
81,61,255,255,255,,
82,61,255,255,255,,
83,61,255,255,255,,
84,61,255,255,255,,
85,61,255,255,255,,
86,61,255,255,255,,
87,61,255,255,255,,
88,61,255,255,255,,
89,61,255,255,255,,
90,61,255,255,255,,
91,61,255,255,255,,
92,61,255,255,255,,
93,61,255,255,255,,
94,61,255,255,255,,
95,61,255,255,255,,
96,61,255,255,255,,
97,61,255,255,255,,
98,61,255,255,255,,
,,,,,,
,,,,,,
0,62,255,255,255,,thisMapaVsechPismenNaVsechRadcich.json
1,62,255,255,255,,
2,62,255,255,255,,
3,62,255,255,255,,
4,62,255,255,255,,
5,62,255,255,255,,
6,62,255,255,255,,
7,62,255,255,255,,
8,62,255,255,255,,
9,62,255,255,255,,
10,62,255,255,255,,
11,62,255,255,255,,
12,62,255,255,255,,
13,62,255,255,255,,
14,62,255,255,255,,
15,62,255,255,255,,
16,62,255,255,255,,
17,62,255,255,255,,
18,62,255,255,255,,
19,62,255,255,255,,
20,62,255,255,255,,
21,62,255,219,144,,
22,62,58,0,0,,
23,62,0,0,0,,
24,62,0,0,0,,
25,62,0,0,0,,
26,62,0,58,144,,
27,62,219,255,255,,
28,62,255,255,219,,
29,62,144,58,0,,
30,62,0,0,0,,
31,62,0,0,0,,
32,62,0,0,0,,
33,62,0,0,58,,
34,62,144,219,255,,
35,62,255,255,255,,
36,62,255,255,255,,
37,62,255,255,255,,
38,62,255,255,255,,
39,62,255,255,255,,
40,62,255,255,255,,
41,62,255,255,255,,
42,62,255,255,255,,
43,62,182,102,0,,
44,62,0,0,0,,
45,62,0,0,0,,
46,62,0,58,144,,
47,62,219,255,255,,
48,62,255,255,219,,
49,62,182,102,0,,
50,62,0,0,0,,
51,62,0,0,0,,
52,62,0,0,0,,
53,62,58,144,219,,
54,62,255,255,255,,
55,62,255,255,255,,
56,62,255,255,255,,
57,62,255,255,255,,
58,62,255,255,255,,
59,62,255,255,255,,
60,62,255,255,255,,
61,62,255,255,255,,
62,62,255,255,255,,
63,62,255,255,255,,
64,62,255,255,255,,
65,62,255,255,255,,
66,62,255,255,255,,
67,62,255,255,255,,
68,62,255,255,255,,
69,62,255,255,255,,
70,62,255,255,255,,
71,62,255,255,255,,
72,62,255,255,255,,
73,62,255,255,255,,
74,62,255,255,255,,
75,62,255,255,255,,
76,62,255,255,255,,
77,62,255,255,255,,
78,62,255,255,255,,
79,62,255,255,255,,
80,62,255,255,255,,
81,62,255,255,255,,
82,62,255,255,255,,
83,62,255,255,255,,
84,62,255,255,255,,
85,62,255,255,255,,
86,62,255,255,255,,
87,62,255,255,255,,
88,62,255,255,255,,
89,62,255,255,255,,
90,62,255,255,255,,
91,62,255,255,255,,
92,62,255,255,255,,
93,62,255,255,255,,
94,62,255,255,255,,
95,62,255,255,255,,
96,62,255,255,255,,
97,62,255,255,255,,
98,62,255,255,255,,
,,,,,,
,,,,,,
0,63,255,255,255,,thisMapaVsechPismenNaVsechRadcich.json
1,63,255,255,255,,
2,63,255,255,255,,
3,63,255,255,255,,
4,63,255,255,255,,
5,63,255,255,255,,
6,63,255,255,255,,
7,63,255,255,255,,
8,63,255,255,255,,
9,63,255,255,255,,
10,63,255,255,255,,
11,63,255,255,255,,
12,63,255,255,255,,
13,63,255,255,255,,
14,63,255,255,255,,
15,63,255,255,255,,
16,63,255,255,255,,
17,63,255,255,255,,
18,63,255,255,255,,
19,63,255,255,255,,
20,63,255,255,255,,
21,63,255,255,219,,
22,63,144,58,0,,
23,63,0,0,0,,
24,63,0,0,0,,
25,63,0,0,0,,
26,63,58,144,219,,
27,63,255,255,255,,
28,63,255,255,255,,
29,63,219,144,58,,
30,63,0,0,0,,
31,63,0,0,0,,
32,63,0,0,0,,
33,63,0,58,144,,
34,63,219,255,255,,
35,63,255,255,255,,
36,63,255,255,255,,
37,63,255,255,255,,
38,63,255,255,255,,
39,63,255,255,255,,
40,63,255,255,255,,
41,63,255,255,255,,
42,63,255,255,255,,
43,63,255,255,182,,
44,63,102,0,0,,
45,63,0,0,0,,
46,63,0,0,0,,
47,63,0,0,0,,
48,63,0,0,0,,
49,63,0,0,0,,
50,63,0,58,58,,
51,63,58,0,0,,
52,63,0,0,0,,
53,63,58,144,219,,
54,63,255,255,255,,
55,63,255,255,255,,
56,63,255,255,255,,
57,63,255,255,255,,
58,63,255,255,255,,
59,63,255,255,255,,
60,63,255,255,255,,
61,63,255,255,255,,
62,63,255,255,255,,
63,63,255,255,255,,
64,63,255,255,255,,
65,63,255,255,255,,
66,63,255,255,255,,
67,63,255,255,255,,
68,63,255,255,255,,
69,63,255,255,255,,
70,63,255,255,255,,
71,63,255,255,255,,
72,63,255,255,255,,
73,63,255,255,255,,
74,63,255,255,255,,
75,63,255,255,255,,
76,63,255,255,255,,
77,63,255,255,255,,
78,63,255,255,255,,
79,63,255,255,255,,
80,63,255,255,255,,
81,63,255,255,255,,
82,63,255,255,255,,
83,63,255,255,255,,
84,63,255,255,255,,
85,63,255,255,255,,
86,63,255,255,255,,
87,63,255,255,255,,
88,63,255,255,255,,
89,63,255,255,255,,
90,63,255,255,255,,
91,63,255,255,255,,
92,63,255,255,255,,
93,63,255,255,255,,
94,63,255,255,255,,
95,63,255,255,255,,
96,63,255,255,255,,
97,63,255,255,255,,
98,63,255,255,255,,
,,,,,,
,,,,,,
0,64,255,255,255,,thisMapaVsechPismenNaVsechRadcich.json
1,64,255,255,255,,
2,64,255,255,255,,
3,64,255,255,255,,
4,64,255,255,255,,
5,64,255,255,255,,
6,64,255,255,255,,
7,64,255,255,255,,
8,64,255,255,255,,
9,64,255,255,255,,
10,64,255,255,255,,
11,64,255,255,255,,
12,64,255,255,255,,
13,64,255,255,255,,
14,64,255,255,255,,
15,64,255,255,255,,
16,64,255,255,255,,
17,64,255,255,255,,
18,64,255,255,255,,
19,64,255,255,255,,
20,64,255,255,255,,
21,64,255,255,255,,
22,64,219,144,58,,
23,64,0,0,0,,
24,64,0,0,0,,
25,64,0,0,58,,
26,64,144,219,255,,
27,64,255,255,255,,
28,64,255,255,255,,
29,64,255,182,144,,
30,64,58,0,0,,
31,64,0,0,0,,
32,64,0,0,0,,
33,64,58,144,219,,
34,64,255,255,255,,
35,64,255,255,255,,
36,64,255,255,255,,
37,64,255,255,255,,
38,64,255,255,255,,
39,64,255,255,255,,
40,64,255,255,255,,
41,64,255,255,255,,
42,64,255,255,255,,
43,64,255,255,255,,
44,64,255,219,182,,
45,64,144,102,58,,
46,64,0,0,0,,
47,64,0,0,0,,
48,64,0,0,58,,
49,64,102,182,219,,
50,64,255,255,182,,
51,64,102,0,0,,
52,64,0,0,0,,
53,64,58,144,219,,
54,64,255,255,255,,
55,64,255,255,255,,
56,64,255,255,255,,
57,64,255,255,255,,
58,64,255,255,255,,
59,64,255,255,255,,
60,64,255,255,255,,
61,64,255,255,255,,
62,64,255,255,255,,
63,64,255,255,255,,
64,64,255,255,255,,
65,64,255,255,255,,
66,64,255,255,255,,
67,64,255,255,255,,
68,64,255,255,255,,
69,64,255,255,255,,
70,64,255,255,255,,
71,64,255,255,255,,
72,64,255,255,255,,
73,64,255,255,255,,
74,64,255,255,255,,
75,64,255,255,255,,
76,64,255,255,255,,
77,64,255,255,255,,
78,64,255,255,255,,
79,64,255,255,255,,
80,64,255,255,255,,
81,64,255,255,255,,
82,64,255,255,255,,
83,64,255,255,255,,
84,64,255,255,255,,
85,64,255,255,255,,
86,64,255,255,255,,
87,64,255,255,255,,
88,64,255,255,255,,
89,64,255,255,255,,
90,64,255,255,255,,
91,64,255,255,255,,
92,64,255,255,255,,
93,64,255,255,255,,
94,64,255,255,255,,
95,64,255,255,255,,
96,64,255,255,255,,
97,64,255,255,255,,
98,64,255,255,255,,
,,,,,,
,,,,,,
0,76,255,255,255,,thisMapaVsechPismenNaVsechRadcich.json
1,76,255,255,255,,
2,76,255,255,255,,
3,76,255,255,255,,
4,76,255,255,255,,
5,76,255,255,255,,
6,76,255,255,255,,
7,76,255,255,255,,
8,76,255,255,255,,
9,76,255,255,255,,
10,76,255,255,255,,
11,76,255,255,255,,
12,76,255,255,255,,
13,76,255,255,255,,
14,76,255,255,255,,
15,76,255,255,255,,
16,76,255,255,255,,
17,76,255,255,255,,
18,76,255,255,255,,
19,76,255,255,255,,
20,76,255,255,255,,
21,76,255,255,255,,
22,76,255,255,255,,
23,76,255,255,255,,
24,76,255,255,255,,
25,76,255,255,255,,
26,76,255,255,255,,
27,76,255,255,255,,
28,76,255,255,255,,
29,76,255,255,255,,
30,76,255,255,255,,
31,76,255,255,255,,
32,76,255,255,255,,
33,76,255,255,255,,
34,76,255,255,255,,
35,76,255,255,255,,
36,76,255,255,255,,
37,76,255,255,255,,
38,76,255,255,255,,
39,76,255,255,255,,
40,76,255,255,255,,
41,76,255,255,255,,
42,76,255,255,255,,
43,76,255,255,255,,
44,76,255,255,255,,
45,76,255,255,255,,
46,76,255,255,255,,
47,76,255,255,255,,
48,76,255,255,255,,
49,76,255,255,255,,
50,76,255,255,255,,
51,76,255,255,255,,
52,76,255,255,255,,
53,76,255,255,255,,
54,76,255,255,255,,
55,76,255,255,255,,
56,76,255,255,255,,
57,76,255,255,255,,
58,76,255,255,255,,
59,76,255,255,255,,
60,76,255,255,255,,
61,76,255,255,255,,
62,76,255,255,255,,
63,76,255,255,255,,
64,76,255,255,255,,
65,76,255,255,255,,
66,76,255,255,255,,
67,76,255,255,255,,
68,76,255,255,255,,
69,76,255,255,255,,
70,76,255,255,255,,
71,76,255,255,255,,
72,76,255,255,255,,
73,76,255,255,255,,
74,76,255,255,255,,
75,76,255,255,255,,
76,76,255,255,255,,
77,76,255,255,255,,
78,76,255,255,255,,
79,76,255,255,255,,
80,76,255,255,255,,
81,76,255,255,255,,
82,76,255,255,255,,
83,76,255,255,255,,
84,76,255,219,144,,
85,76,58,0,0,,
86,76,0,0,0,,
87,76,0,58,144,,
88,76,219,255,255,,
89,76,255,255,255,,
90,76,255,255,255,,
91,76,255,255,255,,
92,76,255,255,255,,
93,76,255,255,255,,
94,76,255,255,255,,
95,76,255,255,255,,
96,76,255,255,255,,
97,76,255,255,255,,
98,76,255,255,255,,
,,,,,,
,,,,,,
0,77,255,255,255,,thisMapaVsechPismenNaVsechRadcich.json
1,77,255,255,255,,
2,77,255,255,255,,
3,77,255,255,255,,
4,77,255,255,255,,
5,77,255,255,255,,
6,77,255,255,255,,
7,77,255,255,255,,
8,77,255,255,255,,
9,77,255,255,255,,
10,77,255,255,255,,
11,77,255,255,255,,
12,77,255,255,255,,
13,77,255,255,255,,
14,77,255,255,255,,
15,77,255,255,255,,
16,77,255,255,255,,
17,77,255,255,255,,
18,77,255,255,255,,
19,77,255,255,255,,
20,77,255,255,255,,
21,77,255,255,255,,
22,77,255,255,255,,
23,77,255,255,255,,
24,77,255,255,255,,
25,77,255,255,255,,
26,77,255,255,255,,
27,77,255,255,255,,
28,77,255,255,255,,
29,77,255,255,255,,
30,77,255,255,255,,
31,77,255,255,255,,
32,77,255,255,255,,
33,77,255,255,255,,
34,77,255,255,255,,
35,77,255,255,255,,
36,77,255,255,255,,
37,77,255,255,255,,
38,77,255,255,255,,
39,77,255,255,255,,
40,77,255,255,255,,
41,77,255,255,255,,
42,77,255,255,255,,
43,77,255,255,255,,
44,77,255,255,255,,
45,77,255,255,255,,
46,77,255,255,255,,
47,77,255,255,255,,
48,77,255,255,255,,
49,77,255,255,255,,
50,77,255,255,255,,
51,77,255,255,255,,
52,77,255,255,255,,
53,77,255,255,255,,
54,77,255,255,255,,
55,77,255,255,255,,
56,77,255,255,255,,
57,77,255,255,255,,
58,77,255,255,255,,
59,77,255,255,255,,
60,77,255,255,255,,
61,77,255,255,255,,
62,77,255,255,255,,
63,77,255,255,255,,
64,77,255,255,255,,
65,77,255,255,255,,
66,77,255,255,255,,
67,77,255,255,255,,
68,77,255,255,255,,
69,77,255,255,255,,
70,77,255,255,255,,
71,77,255,255,255,,
72,77,255,255,255,,
73,77,255,255,255,,
74,77,255,255,255,,
75,77,255,255,255,,
76,77,255,255,255,,
77,77,255,255,255,,
78,77,255,255,255,,
79,77,255,255,255,,
80,77,255,255,255,,
81,77,255,255,255,,
82,77,255,255,255,,
83,77,255,255,255,,
84,77,255,219,144,,
85,77,58,0,0,,
86,77,0,0,0,,
87,77,0,58,144,,
88,77,219,255,255,,
89,77,255,255,255,,
90,77,255,255,255,,
91,77,255,255,255,,
92,77,255,255,255,,
93,77,255,255,255,,
94,77,255,255,255,,
95,77,255,255,255,,
96,77,255,255,255,,
97,77,255,255,255,,
98,77,255,255,255,,
,,,,,,
,,,,,,
0,78,255,255,255,,thisMapaVsechPismenNaVsechRadcich.json
1,78,255,255,255,,
2,78,255,255,219,,
3,78,182,102,58,,
4,78,58,0,0,,
5,78,0,0,0,,
6,78,0,0,58,,
7,78,102,144,219,,
8,78,255,255,182,,
9,78,102,0,0,,
10,78,0,0,0,,
11,78,58,144,219,,
12,78,255,255,255,,
13,78,255,255,255,,
14,78,255,255,255,,
15,78,255,255,255,,
16,78,255,255,255,,
17,78,255,255,255,,
18,78,255,255,255,,
19,78,255,255,255,,
20,78,255,255,219,,
21,78,182,102,58,,
22,78,58,0,0,,
23,78,0,0,0,,
24,78,0,0,58,,
25,78,102,144,219,,
26,78,255,255,182,,
27,78,102,0,0,,
28,78,0,0,0,,
29,78,58,144,219,,
30,78,255,255,255,,
31,78,255,255,255,,
32,78,255,255,255,,
33,78,255,255,255,,
34,78,255,255,255,,
35,78,255,255,255,,
36,78,255,255,255,,
37,78,219,144,58,,
38,78,0,0,0,,
39,78,0,0,102,,
40,78,182,255,255,,
41,78,219,182,102,,
42,78,58,58,0,,
43,78,0,0,0,,
44,78,0,0,0,,
45,78,58,58,102,,
46,78,182,219,255,,
47,78,255,255,255,,
48,78,255,255,255,,
49,78,255,255,255,,
50,78,255,255,255,,
51,78,255,255,255,,
52,78,255,255,255,,
53,78,255,255,255,,
54,78,255,255,255,,
55,78,255,182,102,,
56,78,0,0,0,,
57,78,0,0,58,,
58,78,144,219,219,,
59,78,182,102,58,,
60,78,0,0,0,,
61,78,0,0,58,,
62,78,144,182,255,,
63,78,255,255,255,,
64,78,255,255,255,,
65,78,255,255,255,,
66,78,255,255,255,,
67,78,255,255,255,,
68,78,255,255,255,,
69,78,255,255,255,,
70,78,219,182,144,,
71,78,102,58,58,,
72,78,0,0,0,,
73,78,0,0,0,,
74,78,0,0,58,,
75,78,58,102,182,,
76,78,219,255,255,,
77,78,255,255,255,,
78,78,255,255,255,,
79,78,255,255,255,,
80,78,255,255,255,,
81,78,255,255,255,,
82,78,255,255,255,,
83,78,182,102,0,,
84,78,0,0,0,,
85,78,0,0,0,,
86,78,0,0,0,,
87,78,0,0,0,,
88,78,0,0,0,,
89,78,0,0,0,,
90,78,58,144,219,,
91,78,255,255,255,,
92,78,255,255,255,,
93,78,255,255,255,,
94,78,255,255,255,,
95,78,255,255,255,,
96,78,255,255,255,,
97,78,255,255,255,,
98,78,255,255,255,,
,,,,,,
,,,,,,
0,79,255,255,255,,thisMapaVsechPismenNaVsechRadcich.json
1,79,255,255,219,,
2,79,144,58,0,,
3,79,0,0,0,,
4,79,0,0,0,,
5,79,0,0,0,,
6,79,0,0,0,,
7,79,0,0,0,,
8,79,0,58,58,,
9,79,58,0,0,,
10,79,0,0,0,,
11,79,58,144,219,,
12,79,255,255,255,,
13,79,255,255,255,,
14,79,255,255,255,,
15,79,255,255,255,,
16,79,255,255,255,,
17,79,255,255,255,,
18,79,255,255,255,,
19,79,255,255,219,,
20,79,144,58,0,,
21,79,0,0,0,,
22,79,0,0,0,,
23,79,0,0,0,,
24,79,0,0,0,,
25,79,0,0,0,,
26,79,0,58,58,,
27,79,58,0,0,,
28,79,0,0,0,,
29,79,58,144,219,,
30,79,255,255,255,,
31,79,255,255,255,,
32,79,255,255,255,,
33,79,255,255,255,,
34,79,255,255,255,,
35,79,255,255,255,,
36,79,255,255,255,,
37,79,219,144,58,,
38,79,0,0,0,,
39,79,0,0,102,,
40,79,102,102,58,,
41,79,0,0,0,,
42,79,0,0,0,,
43,79,0,0,0,,
44,79,0,0,0,,
45,79,0,0,0,,
46,79,0,0,58,,
47,79,144,219,255,,
48,79,255,255,255,,
49,79,255,255,255,,
50,79,255,255,255,,
51,79,255,255,255,,
52,79,255,255,255,,
53,79,255,255,255,,
54,79,255,255,255,,
55,79,255,182,102,,
56,79,0,0,0,,
57,79,0,0,58,,
58,79,58,58,0,,
59,79,0,0,0,,
60,79,0,0,0,,
61,79,0,0,0,,
62,79,102,182,255,,
63,79,255,255,255,,
64,79,255,255,255,,
65,79,255,255,255,,
66,79,255,255,255,,
67,79,255,255,255,,
68,79,255,255,255,,
69,79,219,144,58,,
70,79,0,0,0,,
71,79,0,0,0,,
72,79,0,0,0,,
73,79,0,0,0,,
74,79,0,0,0,,
75,79,0,0,0,,
76,79,0,102,182,,
77,79,255,255,255,,
78,79,255,255,255,,
79,79,255,255,255,,
80,79,255,255,255,,
81,79,255,255,255,,
82,79,255,255,255,,
83,79,182,102,0,,
84,79,0,0,0,,
85,79,0,0,0,,
86,79,0,0,0,,
87,79,0,0,0,,
88,79,0,0,0,,
89,79,0,0,0,,
90,79,58,144,219,,
91,79,255,255,255,,
92,79,255,255,255,,
93,79,255,255,255,,
94,79,255,255,255,,
95,79,255,255,255,,
96,79,255,255,255,,
97,79,255,255,255,,
98,79,255,255,255,,
,,,,,,
,,,,,,
0,80,255,255,255,,thisMapaVsechPismenNaVsechRadcich.json
1,80,219,144,58,,
2,80,0,0,0,,
3,80,0,0,0,,
4,80,0,58,144,,
5,80,219,255,255,,
6,80,255,255,219,,
7,80,182,102,58,,
8,80,0,0,0,,
9,80,0,0,0,,
10,80,0,0,0,,
11,80,58,144,219,,
12,80,255,255,255,,
13,80,255,255,255,,
14,80,255,255,255,,
15,80,255,255,255,,
16,80,255,255,255,,
17,80,255,255,255,,
18,80,255,255,255,,
19,80,219,144,58,,
20,80,0,0,0,,
21,80,0,0,0,,
22,80,0,58,144,,
23,80,219,255,255,,
24,80,255,255,219,,
25,80,182,102,58,,
26,80,0,0,0,,
27,80,0,0,0,,
28,80,0,0,0,,
29,80,58,144,219,,
30,80,255,255,255,,
31,80,255,255,255,,
32,80,255,255,255,,
33,80,255,255,255,,
34,80,255,255,255,,
35,80,255,255,255,,
36,80,255,255,255,,
37,80,219,144,58,,
38,80,0,0,0,,
39,80,0,0,0,,
40,80,0,0,0,,
41,80,0,102,182,,
42,80,219,255,255,,
43,80,255,255,219,,
44,80,144,58,0,,
45,80,0,0,0,,
46,80,0,0,0,,
47,80,0,102,182,,
48,80,255,255,255,,
49,80,255,255,255,,
50,80,255,255,255,,
51,80,255,255,255,,
52,80,255,255,255,,
53,80,255,255,255,,
54,80,255,255,255,,
55,80,255,182,102,,
56,80,0,0,0,,
57,80,0,0,0,,
58,80,0,0,0,,
59,80,0,0,0,,
60,80,0,0,0,,
61,80,0,0,0,,
62,80,102,182,255,,
63,80,255,255,255,,
64,80,255,255,255,,
65,80,255,255,255,,
66,80,255,255,255,,
67,80,255,255,255,,
68,80,255,255,182,,
69,80,102,0,0,,
70,80,0,0,0,,
71,80,0,58,144,,
72,80,219,255,255,,
73,80,255,255,255,,
74,80,255,219,219,,
75,80,182,102,58,,
76,80,58,102,182,,
77,80,255,255,255,,
78,80,255,255,255,,
79,80,255,255,255,,
80,80,255,255,255,,
81,80,255,255,255,,
82,80,255,255,255,,
83,80,255,255,255,,
84,80,255,219,144,,
85,80,58,0,0,,
86,80,0,0,0,,
87,80,0,58,144,,
88,80,219,255,255,,
89,80,255,255,255,,
90,80,255,255,255,,
91,80,255,255,255,,
92,80,255,255,255,,
93,80,255,255,255,,
94,80,255,255,255,,
95,80,255,255,255,,
96,80,255,255,255,,
97,80,255,255,255,,
98,80,255,255,255,,
,,,,,,
,,,,,,
0,81,255,255,219,,thisMapaVsechPismenNaVsechRadcich.json
1,81,144,58,0,,
2,81,0,0,0,,
3,81,0,0,58,,
4,81,144,219,255,,
5,81,255,255,255,,
6,81,255,255,255,,
7,81,255,255,255,,
8,81,182,102,0,,
9,81,0,0,0,,
10,81,0,0,0,,
11,81,58,144,219,,
12,81,255,255,255,,
13,81,255,255,255,,
14,81,255,255,255,,
15,81,255,255,255,,
16,81,255,255,255,,
17,81,255,255,255,,
18,81,255,255,219,,
19,81,144,58,0,,
20,81,0,0,0,,
21,81,0,0,58,,
22,81,144,219,255,,
23,81,255,255,255,,
24,81,255,255,255,,
25,81,255,255,255,,
26,81,182,102,0,,
27,81,0,0,0,,
28,81,0,0,0,,
29,81,58,144,219,,
30,81,255,255,255,,
31,81,255,255,255,,
32,81,255,255,255,,
33,81,255,255,255,,
34,81,255,255,255,,
35,81,255,255,255,,
36,81,255,255,255,,
37,81,219,144,58,,
38,81,0,0,0,,
39,81,0,0,0,,
40,81,0,58,144,,
41,81,219,255,255,,
42,81,255,255,255,,
43,81,255,255,255,,
44,81,255,219,144,,
45,81,58,0,0,,
46,81,0,0,0,,
47,81,0,0,102,,
48,81,182,255,255,,
49,81,255,255,255,,
50,81,255,255,255,,
51,81,255,255,255,,
52,81,255,255,255,,
53,81,255,255,255,,
54,81,255,255,255,,
55,81,255,182,102,,
56,81,0,0,0,,
57,81,0,0,0,,
58,81,0,0,0,,
59,81,58,144,219,,
60,81,255,255,255,,
61,81,255,255,219,,
62,81,255,255,255,,
63,81,255,255,255,,
64,81,255,255,255,,
65,81,255,255,255,,
66,81,255,255,255,,
67,81,255,255,255,,
68,81,255,255,182,,
69,81,102,0,0,,
70,81,0,0,0,,
71,81,0,58,144,,
72,81,182,219,255,,
73,81,255,255,255,,
74,81,255,255,255,,
75,81,255,255,255,,
76,81,255,255,255,,
77,81,255,255,255,,
78,81,255,255,255,,
79,81,255,255,255,,
80,81,255,255,255,,
81,81,255,255,255,,
82,81,255,255,255,,
83,81,255,255,255,,
84,81,255,219,144,,
85,81,58,0,0,,
86,81,0,0,0,,
87,81,0,58,144,,
88,81,219,255,255,,
89,81,255,255,255,,
90,81,255,255,255,,
91,81,255,255,255,,
92,81,255,255,255,,
93,81,255,255,255,,
94,81,255,255,255,,
95,81,255,255,255,,
96,81,255,255,255,,
97,81,255,255,255,,
98,81,255,255,255,,
,,,,,,
,,,,,,
0,82,255,255,182,,thisMapaVsechPismenNaVsechRadcich.json
1,82,102,0,0,,
2,82,0,0,0,,
3,82,0,0,102,,
4,82,182,255,255,,
5,82,255,255,255,,
6,82,255,255,255,,
7,82,255,255,255,,
8,82,219,144,58,,
9,82,0,0,0,,
10,82,0,0,0,,
11,82,58,144,219,,
12,82,255,255,255,,
13,82,255,255,255,,
14,82,255,255,255,,
15,82,255,255,255,,
16,82,255,255,255,,
17,82,255,255,255,,
18,82,255,255,182,,
19,82,102,0,0,,
20,82,0,0,0,,
21,82,0,0,102,,
22,82,182,255,255,,
23,82,255,255,255,,
24,82,255,255,255,,
25,82,255,255,255,,
26,82,219,144,58,,
27,82,0,0,0,,
28,82,0,0,0,,
29,82,58,144,219,,
30,82,255,255,255,,
31,82,255,255,255,,
32,82,255,255,255,,
33,82,255,255,255,,
34,82,255,255,255,,
35,82,255,255,255,,
36,82,255,255,255,,
37,82,219,144,58,,
38,82,0,0,0,,
39,82,0,0,0,,
40,82,58,144,219,,
41,82,255,255,255,,
42,82,255,255,255,,
43,82,255,255,255,,
44,82,255,255,182,,
45,82,102,0,0,,
46,82,0,0,0,,
47,82,0,0,58,,
48,82,144,219,255,,
49,82,255,255,255,,
50,82,255,255,255,,
51,82,255,255,255,,
52,82,255,255,255,,
53,82,255,255,255,,
54,82,255,255,255,,
55,82,255,182,102,,
56,82,0,0,0,,
57,82,0,0,0,,
58,82,0,102,182,,
59,82,255,255,255,,
60,82,255,255,255,,
61,82,255,255,255,,
62,82,255,255,255,,
63,82,255,255,255,,
64,82,255,255,255,,
65,82,255,255,255,,
66,82,255,255,255,,
67,82,255,255,255,,
68,82,255,255,255,,
69,82,182,102,0,,
70,82,0,0,0,,
71,82,0,0,0,,
72,82,0,0,0,,
73,82,58,58,102,,
74,82,144,182,219,,
75,82,255,255,255,,
76,82,255,255,255,,
77,82,255,255,255,,
78,82,255,255,255,,
79,82,255,255,255,,
80,82,255,255,255,,
81,82,255,255,255,,
82,82,255,255,255,,
83,82,255,255,255,,
84,82,255,219,144,,
85,82,58,0,0,,
86,82,0,0,0,,
87,82,0,58,144,,
88,82,219,255,255,,
89,82,255,255,255,,
90,82,255,255,255,,
91,82,255,255,255,,
92,82,255,255,255,,
93,82,255,255,255,,
94,82,255,255,255,,
95,82,255,255,255,,
96,82,255,255,255,,
97,82,255,255,255,,
98,82,255,255,255,,
,,,,,,
,,,,,,
0,83,255,219,144,,thisMapaVsechPismenNaVsechRadcich.json
1,83,58,0,0,,
2,83,0,0,0,,
3,83,0,58,144,,
4,83,219,255,255,,
5,83,255,255,255,,
6,83,255,255,255,,
7,83,255,255,255,,
8,83,219,144,58,,
9,83,0,0,0,,
10,83,0,0,0,,
11,83,58,144,219,,
12,83,255,255,255,,
13,83,255,255,255,,
14,83,255,255,255,,
15,83,255,255,255,,
16,83,255,255,255,,
17,83,255,255,255,,
18,83,255,219,144,,
19,83,58,0,0,,
20,83,0,0,0,,
21,83,0,58,144,,
22,83,219,255,255,,
23,83,255,255,255,,
24,83,255,255,255,,
25,83,255,255,255,,
26,83,219,144,58,,
27,83,0,0,0,,
28,83,0,0,0,,
29,83,58,144,219,,
30,83,255,255,255,,
31,83,255,255,255,,
32,83,255,255,255,,
33,83,255,255,255,,
34,83,255,255,255,,
35,83,255,255,255,,
36,83,255,255,255,,
37,83,219,144,58,,
38,83,0,0,0,,
39,83,0,0,0,,
40,83,58,144,219,,
41,83,255,255,255,,
42,83,255,255,255,,
43,83,255,255,255,,
44,83,255,255,219,,
45,83,144,58,0,,
46,83,0,0,0,,
47,83,0,0,58,,
48,83,144,219,255,,
49,83,255,255,255,,
50,83,255,255,255,,
51,83,255,255,255,,
52,83,255,255,255,,
53,83,255,255,255,,
54,83,255,255,255,,
55,83,255,182,102,,
56,83,0,0,0,,
57,83,0,0,0,,
58,83,0,102,182,,
59,83,255,255,255,,
60,83,255,255,255,,
61,83,255,255,255,,
62,83,255,255,255,,
63,83,255,255,255,,
64,83,255,255,255,,
65,83,255,255,255,,
66,83,255,255,255,,
67,83,255,255,255,,
68,83,255,255,255,,
69,83,255,255,219,,
70,83,144,102,58,,
71,83,0,0,0,,
72,83,0,0,0,,
73,83,0,0,0,,
74,83,0,0,0,,
75,83,0,58,102,,
76,83,144,219,255,,
77,83,255,255,255,,
78,83,255,255,255,,
79,83,255,255,255,,
80,83,255,255,255,,
81,83,255,255,255,,
82,83,255,255,255,,
83,83,255,255,255,,
84,83,255,219,144,,
85,83,58,0,0,,
86,83,0,0,0,,
87,83,0,58,144,,
88,83,219,255,255,,
89,83,255,255,255,,
90,83,255,255,255,,
91,83,255,255,255,,
92,83,255,255,255,,
93,83,255,255,255,,
94,83,255,255,255,,
95,83,255,255,255,,
96,83,255,255,255,,
97,83,255,255,255,,
98,83,255,255,255,,
,,,,,,
,,,,,,
0,84,255,255,182,,thisMapaVsechPismenNaVsechRadcich.json
1,84,102,0,0,,
2,84,0,0,0,,
3,84,0,0,102,,
4,84,182,255,255,,
5,84,255,255,255,,
6,84,255,255,255,,
7,84,255,255,255,,
8,84,219,144,58,,
9,84,0,0,0,,
10,84,0,0,0,,
11,84,58,144,219,,
12,84,255,255,255,,
13,84,255,255,255,,
14,84,255,255,255,,
15,84,255,255,255,,
16,84,255,255,255,,
17,84,255,255,255,,
18,84,255,255,182,,
19,84,102,0,0,,
20,84,0,0,0,,
21,84,0,0,102,,
22,84,182,255,255,,
23,84,255,255,255,,
24,84,255,255,255,,
25,84,255,255,255,,
26,84,219,144,58,,
27,84,0,0,0,,
28,84,0,0,0,,
29,84,58,144,219,,
30,84,255,255,255,,
31,84,255,255,255,,
32,84,255,255,255,,
33,84,255,255,255,,
34,84,255,255,255,,
35,84,255,255,255,,
36,84,255,255,255,,
37,84,219,144,58,,
38,84,0,0,0,,
39,84,0,0,0,,
40,84,58,144,219,,
41,84,255,255,255,,
42,84,255,255,255,,
43,84,255,255,255,,
44,84,255,255,182,,
45,84,102,0,0,,
46,84,0,0,0,,
47,84,0,0,58,,
48,84,144,219,255,,
49,84,255,255,255,,
50,84,255,255,255,,
51,84,255,255,255,,
52,84,255,255,255,,
53,84,255,255,255,,
54,84,255,255,255,,
55,84,255,182,102,,
56,84,0,0,0,,
57,84,0,0,0,,
58,84,0,102,182,,
59,84,255,255,255,,
60,84,255,255,255,,
61,84,255,255,255,,
62,84,255,255,255,,
63,84,255,255,255,,
64,84,255,255,255,,
65,84,255,255,255,,
66,84,255,255,255,,
67,84,255,255,255,,
68,84,255,255,255,,
69,84,255,255,255,,
70,84,255,255,255,,
71,84,255,219,219,,
72,84,182,144,102,,
73,84,58,58,0,,
74,84,0,0,0,,
75,84,0,0,0,,
76,84,0,0,102,,
77,84,182,255,255,,
78,84,255,255,255,,
79,84,255,255,255,,
80,84,255,255,255,,
81,84,255,255,255,,
82,84,255,255,255,,
83,84,255,255,255,,
84,84,255,219,144,,
85,84,58,0,0,,
86,84,0,0,0,,
87,84,0,58,144,,
88,84,219,255,255,,
89,84,255,255,255,,
90,84,255,255,255,,
91,84,255,255,255,,
92,84,255,255,255,,
93,84,255,255,255,,
94,84,255,255,255,,
95,84,255,255,255,,
96,84,255,255,255,,
97,84,255,255,255,,
98,84,255,255,255,,
,,,,,,
,,,,,,
0,85,255,255,182,,thisMapaVsechPismenNaVsechRadcich.json
1,85,102,0,0,,
2,85,0,0,0,,
3,85,0,0,58,,
4,85,144,219,255,,
5,85,255,255,255,,
6,85,255,255,255,,
7,85,255,255,219,,
8,85,144,58,0,,
9,85,0,0,0,,
10,85,0,0,0,,
11,85,58,144,219,,
12,85,255,255,255,,
13,85,255,255,255,,
14,85,255,255,255,,
15,85,255,255,255,,
16,85,255,255,255,,
17,85,255,255,255,,
18,85,255,255,182,,
19,85,102,0,0,,
20,85,0,0,0,,
21,85,0,0,58,,
22,85,144,219,255,,
23,85,255,255,255,,
24,85,255,255,255,,
25,85,255,255,219,,
26,85,144,58,0,,
27,85,0,0,0,,
28,85,0,0,0,,
29,85,58,144,219,,
30,85,255,255,255,,
31,85,255,255,255,,
32,85,255,255,255,,
33,85,255,255,255,,
34,85,255,255,255,,
35,85,255,255,255,,
36,85,255,255,255,,
37,85,219,144,58,,
38,85,0,0,0,,
39,85,0,0,0,,
40,85,0,102,182,,
41,85,255,255,255,,
42,85,255,255,255,,
43,85,255,255,255,,
44,85,255,219,144,,
45,85,58,0,0,,
46,85,0,0,0,,
47,85,0,0,102,,
48,85,182,255,255,,
49,85,255,255,255,,
50,85,255,255,255,,
51,85,255,255,255,,
52,85,255,255,255,,
53,85,255,255,255,,
54,85,255,255,255,,
55,85,255,182,102,,
56,85,0,0,0,,
57,85,0,0,0,,
58,85,0,102,182,,
59,85,255,255,255,,
60,85,255,255,255,,
61,85,255,255,255,,
62,85,255,255,255,,
63,85,255,255,255,,
64,85,255,255,255,,
65,85,255,255,255,,
66,85,255,255,255,,
67,85,255,255,255,,
68,85,255,255,255,,
69,85,255,255,255,,
70,85,255,255,255,,
71,85,255,255,255,,
72,85,255,255,255,,
73,85,255,255,219,,
74,85,144,102,0,,
75,85,0,0,0,,
76,85,0,0,58,,
77,85,144,219,255,,
78,85,255,255,255,,
79,85,255,255,255,,
80,85,255,255,255,,
81,85,255,255,255,,
82,85,255,255,255,,
83,85,255,255,255,,
84,85,255,219,144,,
85,85,58,0,0,,
86,85,0,0,0,,
87,85,0,58,144,,
88,85,219,255,255,,
89,85,255,255,255,,
90,85,255,255,255,,
91,85,255,255,255,,
92,85,255,255,255,,
93,85,255,255,255,,
94,85,255,255,255,,
95,85,255,255,255,,
96,85,255,255,255,,
97,85,255,255,255,,
98,85,255,255,255,,
,,,,,,
,,,,,,
0,86,255,255,255,,thisMapaVsechPismenNaVsechRadcich.json
1,86,182,102,0,,
2,86,0,0,0,,
3,86,0,0,0,,
4,86,0,58,144,,
5,86,219,255,255,,
6,86,255,255,219,,
7,86,182,102,0,,
8,86,0,0,0,,
9,86,0,0,0,,
10,86,0,0,0,,
11,86,58,144,219,,
12,86,255,255,255,,
13,86,255,255,255,,
14,86,255,255,255,,
15,86,255,255,255,,
16,86,255,255,255,,
17,86,255,255,255,,
18,86,255,255,255,,
19,86,182,102,0,,
20,86,0,0,0,,
21,86,0,0,0,,
22,86,0,58,144,,
23,86,219,255,255,,
24,86,255,255,219,,
25,86,182,102,0,,
26,86,0,0,0,,
27,86,0,0,0,,
28,86,0,0,0,,
29,86,58,144,219,,
30,86,255,255,255,,
31,86,255,255,255,,
32,86,255,255,255,,
33,86,255,255,255,,
34,86,255,255,255,,
35,86,255,255,255,,
36,86,255,255,255,,
37,86,219,144,58,,
38,86,0,0,0,,
39,86,0,0,0,,
40,86,0,0,0,,
41,86,0,102,182,,
42,86,219,255,255,,
43,86,255,219,182,,
44,86,144,58,0,,
45,86,0,0,0,,
46,86,0,0,0,,
47,86,58,144,219,,
48,86,255,255,255,,
49,86,255,255,255,,
50,86,255,255,255,,
51,86,255,255,255,,
52,86,255,255,255,,
53,86,255,255,255,,
54,86,255,255,255,,
55,86,255,182,102,,
56,86,0,0,0,,
57,86,0,0,0,,
58,86,0,102,182,,
59,86,255,255,255,,
60,86,255,255,255,,
61,86,255,255,255,,
62,86,255,255,255,,
63,86,255,255,255,,
64,86,255,255,255,,
65,86,255,255,255,,
66,86,255,255,255,,
67,86,255,255,255,,
68,86,255,219,144,,
69,86,58,0,58,,
70,86,102,182,219,,
71,86,219,255,255,,
72,86,255,255,255,,
73,86,255,219,182,,
74,86,102,58,0,,
75,86,0,0,0,,
76,86,0,0,58,,
77,86,144,219,255,,
78,86,255,255,255,,
79,86,255,255,255,,
80,86,255,255,255,,
81,86,255,255,255,,
82,86,255,255,255,,
83,86,255,255,255,,
84,86,255,255,182,,
85,86,102,0,0,,
86,86,0,0,0,,
87,86,0,0,102,,
88,86,182,219,255,,
89,86,255,255,255,,
90,86,219,255,255,,
91,86,255,255,255,,
92,86,255,255,255,,
93,86,255,255,255,,
94,86,255,255,255,,
95,86,255,255,255,,
96,86,255,255,255,,
97,86,255,255,255,,
98,86,255,255,255,,
,,,,,,
,,,,,,
0,87,255,255,255,,thisMapaVsechPismenNaVsechRadcich.json
1,87,255,255,182,,
2,87,102,0,0,,
3,87,0,0,0,,
4,87,0,0,0,,
5,87,0,0,0,,
6,87,0,0,0,,
7,87,0,0,0,,
8,87,0,0,0,,
9,87,0,0,0,,
10,87,0,0,0,,
11,87,58,144,219,,
12,87,255,255,255,,
13,87,255,255,255,,
14,87,255,255,255,,
15,87,255,255,255,,
16,87,255,255,255,,
17,87,255,255,255,,
18,87,255,255,255,,
19,87,255,255,182,,
20,87,102,0,0,,
21,87,0,0,0,,
22,87,0,0,0,,
23,87,0,0,0,,
24,87,0,0,0,,
25,87,0,0,0,,
26,87,0,0,0,,
27,87,0,0,0,,
28,87,0,0,0,,
29,87,58,144,219,,
30,87,255,255,255,,
31,87,255,255,255,,
32,87,255,255,255,,
33,87,255,255,255,,
34,87,255,255,255,,
35,87,255,255,255,,
36,87,255,255,255,,
37,87,219,144,58,,
38,87,0,0,0,,
39,87,0,0,0,,
40,87,0,0,0,,
41,87,0,0,0,,
42,87,0,0,0,,
43,87,0,0,0,,
44,87,0,0,0,,
45,87,0,0,0,,
46,87,0,0,102,,
47,87,182,255,255,,
48,87,255,255,255,,
49,87,255,255,255,,
50,87,255,255,255,,
51,87,255,255,255,,
52,87,255,255,255,,
53,87,255,255,255,,
54,87,255,255,255,,
55,87,255,182,102,,
56,87,0,0,0,,
57,87,0,0,0,,
58,87,0,102,182,,
59,87,255,255,255,,
60,87,255,255,255,,
61,87,255,255,255,,
62,87,255,255,255,,
63,87,255,255,255,,
64,87,255,255,255,,
65,87,255,255,255,,
66,87,255,255,255,,
67,87,255,255,255,,
68,87,255,219,144,,
69,87,58,0,0,,
70,87,0,0,0,,
71,87,0,0,0,,
72,87,0,0,0,,
73,87,0,0,0,,
74,87,0,0,0,,
75,87,0,0,0,,
76,87,58,144,219,,
77,87,255,255,255,,
78,87,255,255,255,,
79,87,255,255,255,,
80,87,255,255,255,,
81,87,255,255,255,,
82,87,255,255,255,,
83,87,255,255,255,,
84,87,255,255,255,,
85,87,182,102,0,,
86,87,0,0,0,,
87,87,0,0,0,,
88,87,0,0,0,,
89,87,0,0,0,,
90,87,58,144,219,,
91,87,255,255,255,,
92,87,255,255,255,,
93,87,255,255,255,,
94,87,255,255,255,,
95,87,255,255,255,,
96,87,255,255,255,,
97,87,255,255,255,,
98,87,255,255,255,,
,,,,,,
,,,,,,
0,88,255,255,255,,thisMapaVsechPismenNaVsechRadcich.json
1,88,255,255,255,,
2,88,255,219,182,,
3,88,144,58,58,,
4,88,0,0,0,,
5,88,0,0,0,,
6,88,0,58,58,,
7,88,102,182,219,,
8,88,219,144,58,,
9,88,0,0,0,,
10,88,0,0,0,,
11,88,58,144,219,,
12,88,255,255,255,,
13,88,255,255,255,,
14,88,255,255,255,,
15,88,255,255,255,,
16,88,255,255,255,,
17,88,255,255,255,,
18,88,255,255,255,,
19,88,255,255,255,,
20,88,255,219,182,,
21,88,144,58,58,,
22,88,0,0,0,,
23,88,0,0,0,,
24,88,0,58,58,,
25,88,102,182,219,,
26,88,219,144,58,,
27,88,0,0,0,,
28,88,0,0,0,,
29,88,58,144,219,,
30,88,255,255,255,,
31,88,255,255,255,,
32,88,255,255,255,,
33,88,255,255,255,,
34,88,255,255,255,,
35,88,255,255,255,,
36,88,255,255,255,,
37,88,219,144,58,,
38,88,0,0,0,,
39,88,0,0,0,,
40,88,58,144,219,,
41,88,219,182,102,,
42,88,58,0,0,,
43,88,0,0,0,,
44,88,0,0,0,,
45,88,58,102,182,,
46,88,219,255,255,,
47,88,255,255,255,,
48,88,255,255,255,,
49,88,255,255,255,,
50,88,255,255,255,,
51,88,255,255,255,,
52,88,255,255,255,,
53,88,255,255,255,,
54,88,255,255,255,,
55,88,255,182,102,,
56,88,0,0,0,,
57,88,0,0,0,,
58,88,58,144,182,,
59,88,255,255,255,,
60,88,255,255,255,,
61,88,255,255,255,,
62,88,255,255,255,,
63,88,255,255,255,,
64,88,255,255,255,,
65,88,255,255,255,,
66,88,255,255,255,,
67,88,255,255,255,,
68,88,255,255,255,,
69,88,219,182,144,,
70,88,102,58,58,,
71,88,0,0,0,,
72,88,0,0,0,,
73,88,0,0,0,,
74,88,58,58,102,,
75,88,144,182,219,,
76,88,255,255,255,,
77,88,255,255,255,,
78,88,255,255,255,,
79,88,255,255,255,,
80,88,255,255,255,,
81,88,255,255,255,,
82,88,255,255,255,,
83,88,255,255,255,,
84,88,255,255,255,,
85,88,255,255,219,,
86,88,144,102,58,,
87,88,0,0,0,,
88,88,0,0,0,,
89,88,0,0,58,,
90,88,102,182,255,,
91,88,255,255,255,,
92,88,255,255,255,,
93,88,255,255,255,,
94,88,255,255,255,,
95,88,255,255,255,,
96,88,255,255,255,,
97,88,255,255,255,,
98,88,255,255,255,,
,,,,,,
,,,,,,
0,89,255,255,255,,thisMapaVsechPismenNaVsechRadcich.json
1,89,255,255,255,,
2,89,255,255,255,,
3,89,255,255,255,,
4,89,255,255,255,,
5,89,255,255,255,,
6,89,255,255,255,,
7,89,255,255,255,,
8,89,219,144,58,,
9,89,0,0,0,,
10,89,0,0,0,,
11,89,58,144,219,,
12,89,255,255,255,,
13,89,255,255,255,,
14,89,255,255,255,,
15,89,255,255,255,,
16,89,255,255,255,,
17,89,255,255,255,,
18,89,255,255,255,,
19,89,255,255,255,,
20,89,255,255,255,,
21,89,255,255,255,,
22,89,255,255,255,,
23,89,255,255,255,,
24,89,255,255,255,,
25,89,255,255,255,,
26,89,219,144,58,,
27,89,0,0,0,,
28,89,0,0,0,,
29,89,58,144,219,,
30,89,255,255,255,,
31,89,255,255,255,,
32,89,255,255,255,,
33,89,255,255,255,,
34,89,255,255,255,,
35,89,255,255,255,,
36,89,255,255,255,,
37,89,219,144,58,,
38,89,0,0,0,,
39,89,0,0,0,,
40,89,58,144,219,,
41,89,255,255,255,,
42,89,255,255,255,,
43,89,255,255,255,,
44,89,255,255,255,,
45,89,255,255,255,,
46,89,255,255,255,,
47,89,255,255,255,,
48,89,255,255,255,,
49,89,255,255,255,,
50,89,255,255,255,,
51,89,255,255,255,,
52,89,255,255,255,,
53,89,255,255,255,,
54,89,255,255,255,,
55,89,255,255,255,,
56,89,255,255,255,,
57,89,255,255,255,,
58,89,255,255,255,,
59,89,255,255,255,,
60,89,255,255,255,,
61,89,255,255,255,,
62,89,255,255,255,,
63,89,255,255,255,,
64,89,255,255,255,,
65,89,255,255,255,,
66,89,255,255,255,,
67,89,255,255,255,,
68,89,255,255,255,,
69,89,255,255,255,,
70,89,255,255,255,,
71,89,255,255,255,,
72,89,255,255,255,,
73,89,255,255,255,,
74,89,255,255,255,,
75,89,255,255,255,,
76,89,255,255,255,,
77,89,255,255,255,,
78,89,255,255,255,,
79,89,255,255,255,,
80,89,255,255,255,,
81,89,255,255,255,,
82,89,255,255,255,,
83,89,255,255,255,,
84,89,255,255,255,,
85,89,255,255,255,,
86,89,255,255,255,,
87,89,255,255,255,,
88,89,255,255,255,,
89,89,255,255,255,,
90,89,255,255,255,,
91,89,255,255,255,,
92,89,255,255,255,,
93,89,255,255,255,,
94,89,255,255,255,,
95,89,255,255,255,,
96,89,255,255,255,,
97,89,255,255,255,,
98,89,255,255,255,,
,,,,,,
,,,,,,
0,90,255,255,255,,thisMapaVsechPismenNaVsechRadcich.json
1,90,255,255,255,,
2,90,255,255,255,,
3,90,255,255,255,,
4,90,255,255,255,,
5,90,255,255,255,,
6,90,255,255,255,,
7,90,255,255,255,,
8,90,219,144,58,,
9,90,0,0,0,,
10,90,0,0,0,,
11,90,58,144,219,,
12,90,255,255,255,,
13,90,255,255,255,,
14,90,255,255,255,,
15,90,255,255,255,,
16,90,255,255,255,,
17,90,255,255,255,,
18,90,255,255,255,,
19,90,255,255,255,,
20,90,255,255,255,,
21,90,255,255,255,,
22,90,255,255,255,,
23,90,255,255,255,,
24,90,255,255,255,,
25,90,255,255,255,,
26,90,219,144,58,,
27,90,0,0,0,,
28,90,0,0,0,,
29,90,58,144,219,,
30,90,255,255,255,,
31,90,255,255,255,,
32,90,255,255,255,,
33,90,255,255,255,,
34,90,255,255,255,,
35,90,255,255,255,,
36,90,255,255,255,,
37,90,219,144,58,,
38,90,0,0,0,,
39,90,0,0,0,,
40,90,58,144,219,,
41,90,255,255,255,,
42,90,255,255,255,,
43,90,255,255,255,,
44,90,255,255,255,,
45,90,255,255,255,,
46,90,255,255,255,,
47,90,255,255,255,,
48,90,255,255,255,,
49,90,255,255,255,,
50,90,255,255,255,,
51,90,255,255,255,,
52,90,255,255,255,,
53,90,255,255,255,,
54,90,255,255,255,,
55,90,255,255,255,,
56,90,255,255,255,,
57,90,255,255,255,,
58,90,255,255,255,,
59,90,255,255,255,,
60,90,255,255,255,,
61,90,255,255,255,,
62,90,255,255,255,,
63,90,255,255,255,,
64,90,255,255,255,,
65,90,255,255,255,,
66,90,255,255,255,,
67,90,255,255,255,,
68,90,255,255,255,,
69,90,255,255,255,,
70,90,255,255,255,,
71,90,255,255,255,,
72,90,255,255,255,,
73,90,255,255,255,,
74,90,255,255,255,,
75,90,255,255,255,,
76,90,255,255,255,,
77,90,255,255,255,,
78,90,255,255,255,,
79,90,255,255,255,,
80,90,255,255,255,,
81,90,255,255,255,,
82,90,255,255,255,,
83,90,255,255,255,,
84,90,255,255,255,,
85,90,255,255,255,,
86,90,255,255,255,,
87,90,255,255,255,,
88,90,255,255,255,,
89,90,255,255,255,,
90,90,255,255,255,,
91,90,255,255,255,,
92,90,255,255,255,,
93,90,255,255,255,,
94,90,255,255,255,,
95,90,255,255,255,,
96,90,255,255,255,,
97,90,255,255,255,,
98,90,255,255,255,,
,,,,,,
,,,,,,
0,91,255,255,255,,thisMapaVsechPismenNaVsechRadcich.json
1,91,255,255,255,,
2,91,255,255,255,,
3,91,255,255,255,,
4,91,255,255,255,,
5,91,255,255,255,,
6,91,255,255,255,,
7,91,255,255,255,,
8,91,219,144,58,,
9,91,0,0,0,,
10,91,0,0,0,,
11,91,58,144,219,,
12,91,255,255,255,,
13,91,255,255,255,,
14,91,255,255,255,,
15,91,255,255,255,,
16,91,255,255,255,,
17,91,255,255,255,,
18,91,255,255,255,,
19,91,255,255,255,,
20,91,255,255,255,,
21,91,255,255,255,,
22,91,255,255,255,,
23,91,255,255,255,,
24,91,255,255,255,,
25,91,255,255,255,,
26,91,219,144,58,,
27,91,0,0,0,,
28,91,0,0,0,,
29,91,58,144,219,,
30,91,255,255,255,,
31,91,255,255,255,,
32,91,255,255,255,,
33,91,255,255,255,,
34,91,255,255,255,,
35,91,255,255,255,,
36,91,255,255,255,,
37,91,219,144,58,,
38,91,0,0,0,,
39,91,0,0,0,,
40,91,58,144,219,,
41,91,255,255,255,,
42,91,255,255,255,,
43,91,255,255,255,,
44,91,255,255,255,,
45,91,255,255,255,,
46,91,255,255,255,,
47,91,255,255,255,,
48,91,255,255,255,,
49,91,255,255,255,,
50,91,255,255,255,,
51,91,255,255,255,,
52,91,255,255,255,,
53,91,255,255,255,,
54,91,255,255,255,,
55,91,255,255,255,,
56,91,255,255,255,,
57,91,255,255,255,,
58,91,255,255,255,,
59,91,255,255,255,,
60,91,255,255,255,,
61,91,255,255,255,,
62,91,255,255,255,,
63,91,255,255,255,,
64,91,255,255,255,,
65,91,255,255,255,,
66,91,255,255,255,,
67,91,255,255,255,,
68,91,255,255,255,,
69,91,255,255,255,,
70,91,255,255,255,,
71,91,255,255,255,,
72,91,255,255,255,,
73,91,255,255,255,,
74,91,255,255,255,,
75,91,255,255,255,,
76,91,255,255,255,,
77,91,255,255,255,,
78,91,255,255,255,,
79,91,255,255,255,,
80,91,255,255,255,,
81,91,255,255,255,,
82,91,255,255,255,,
83,91,255,255,255,,
84,91,255,255,255,,
85,91,255,255,255,,
86,91,255,255,255,,
87,91,255,255,255,,
88,91,255,255,255,,
89,91,255,255,255,,
90,91,255,255,255,,
91,91,255,255,255,,
92,91,255,255,255,,
93,91,255,255,255,,
94,91,255,255,255,,
95,91,255,255,255,,
96,91,255,255,255,,
97,91,255,255,255,,
98,91,255,255,255,,
,,,,,,
,,,,,,
0,92,255,255,255,,thisMapaVsechPismenNaVsechRadcich.json
1,92,255,255,255,,
2,92,255,255,255,,
3,92,255,255,255,,
4,92,255,255,255,,
5,92,255,255,255,,
6,92,255,255,255,,
7,92,255,255,255,,
8,92,219,182,102,,
9,92,0,0,0,,
10,92,0,0,0,,
11,92,58,144,219,,
12,92,255,255,255,,
13,92,255,255,255,,
14,92,255,255,255,,
15,92,255,255,255,,
16,92,255,255,255,,
17,92,255,255,255,,
18,92,255,255,255,,
19,92,255,255,255,,
20,92,255,255,255,,
21,92,255,255,255,,
22,92,255,255,255,,
23,92,255,255,255,,
24,92,255,255,255,,
25,92,255,255,255,,
26,92,219,182,102,,
27,92,0,0,0,,
28,92,0,0,0,,
29,92,58,144,219,,
30,92,255,255,255,,
31,92,255,255,255,,
32,92,255,255,255,,
33,92,255,255,255,,
34,92,255,255,255,,
35,92,255,255,255,,
36,92,255,255,255,,
37,92,219,182,102,,
38,92,0,0,0,,
39,92,0,0,0,,
40,92,102,182,219,,
41,92,255,255,255,,
42,92,255,255,255,,
43,92,255,255,255,,
44,92,255,255,255,,
45,92,255,255,255,,
46,92,255,255,255,,
47,92,255,255,255,,
48,92,255,255,255,,
49,92,255,255,255,,
50,92,255,255,255,,
51,92,255,255,255,,
52,92,255,255,255,,
53,92,255,255,255,,
54,92,255,255,255,,
55,92,255,255,255,,
56,92,255,255,255,,
57,92,255,255,255,,
58,92,255,255,255,,
59,92,255,255,255,,
60,92,255,255,255,,
61,92,255,255,255,,
62,92,255,255,255,,
63,92,255,255,255,,
64,92,255,255,255,,
65,92,255,255,255,,
66,92,255,255,255,,
67,92,255,255,255,,
68,92,255,255,255,,
69,92,255,255,255,,
70,92,255,255,255,,
71,92,255,255,255,,
72,92,255,255,255,,
73,92,255,255,255,,
74,92,255,255,255,,
75,92,255,255,255,,
76,92,255,255,255,,
77,92,255,255,255,,
78,92,255,255,255,,
79,92,255,255,255,,
80,92,255,255,255,,
81,92,255,255,255,,
82,92,255,255,255,,
83,92,255,255,255,,
84,92,255,255,255,,
85,92,255,255,255,,
86,92,255,255,255,,
87,92,255,255,255,,
88,92,255,255,255,,
89,92,255,255,255,,
90,92,255,255,255,,
91,92,255,255,255,,
92,92,255,255,255,,
93,92,255,255,255,,
94,92,255,255,255,,
95,92,255,255,255,,
96,92,255,255,255,,
97,92,255,255,255,,
98,92,255,255,255,,
,,,,,,
,,,,,,
,,,,,,
1,2,0,0,0,,thisMapaVsechPismenNaVsechRadcich.json
1,6,0,0,0,,
1,7,0,0,0,,
1,8,0,0,0,,
1,9,0,0,0,,
1,10,0,0,0,,
2,2,0,0,0,,
2,6,0,0,0,,
2,10,0,0,0,,
3,2,0,0,0,,
3,6,0,0,0,,
3,10,0,0,0,,
3,11,0,0,0,,
4,1,0,0,0,,
4,2,0,0,0,,
4,5,0,0,0,,
4,6,0,0,0,,
4,10,0,0,0,,
4,11,0,0,0,,
5,1,0,0,0,,
5,2,0,0,0,,
5,5,0,0,0,,
5,6,0,0,0,,
5,10,0,0,0,,
6,2,0,0,0,,
6,5,0,0,0,,
6,6,0,0,0,,
6,10,0,0,0,,
7,2,0,0,0,,
7,3,0,0,0,,
7,4,0,0,0,,
7,5,0,0,0,,
7,6,0,0,0,,
7,7,0,0,0,,
7,8,0,0,0,,
7,9,0,0,0,,
7,10,0,0,0,,
8,3,0,0,0,,
8,4,0,0,0,,
8,5,0,0,0,,
8,6,0,0,0,,
8,7,0,0,0,,
8,8,0,0,0,,
8,9,0,0,0,,
8,10,0,0,0,,
,,,,,,
,,,,,,
,,,,,,
1,1,0,0,0,,thisMapaVsechPismenNaVsechRadcich.json
1,2,0,0,0,,
1,3,0,0,0,,
1,4,0,0,0,,
1,5,0,0,0,,
1,6,0,0,0,,
1,7,0,0,0,,
1,8,0,0,0,,
1,9,0,0,0,,
1,10,0,0,0,,
1,11,0,0,0,,
1,12,0,0,0,,
1,13,0,0,0,,
1,14,0,0,0,,
1,15,0,0,0,,
2,1,0,0,0,,
2,2,0,0,0,,
2,3,0,0,0,,
2,4,0,0,0,,
2,5,0,0,0,,
2,6,0,0,0,,
2,7,0,0,0,,
2,8,0,0,0,,
2,9,0,0,0,,
2,10,0,0,0,,
2,11,0,0,0,,
2,12,0,0,0,,
2,13,0,0,0,,
3,6,0,0,0,,
3,7,0,0,0,,
3,13,0,0,0,,
4,6,0,0,0,,
4,14,0,0,0,,
5,6,0,0,0,,
5,14,0,0,0,,
6,5,0,0,0,,
6,6,0,0,0,,
6,14,0,0,0,,
6,15,0,0,0,,
7,5,0,0,0,,
7,6,0,0,0,,
7,14,0,0,0,,
7,15,0,0,0,,
8,6,0,0,0,,
8,7,0,0,0,,
8,13,0,0,0,,
8,14,0,0,0,,
9,7,0,0,0,,
9,8,0,0,0,,
9,9,0,0,0,,
9,10,0,0,0,,
9,11,0,0,0,,
9,12,0,0,0,,
,,,,,,
,,,,,,
,,,,,,
1,3,0,0,0,,thisMapaVsechPismenNaVsechRadcich.json
1,4,0,0,0,,
1,5,0,0,0,,
1,6,0,0,0,,
1,7,0,0,0,,
1,8,0,0,0,,
1,9,0,0,0,,
2,2,0,0,0,,
2,3,0,0,0,,
2,9,0,0,0,,
2,10,0,0,0,,
3,2,0,0,0,,
3,10,0,0,0,,
4,1,0,0,0,,
4,2,0,0,0,,
4,10,0,0,0,,
4,11,0,0,0,,
5,1,0,0,0,,
5,2,0,0,0,,
5,10,0,0,0,,
5,11,0,0,0,,
6,2,0,0,0,,
6,10,0,0,0,,
7,2,0,0,0,,
,,,,,,
,,,,,,
,,,,,,
1,1,0,0,0,,thisMapaVsechPismenNaVsechRadcich.json
1,11,0,0,0,,
2,1,0,0,0,,
2,2,0,0,0,,
2,9,0,0,0,,
2,10,0,0,0,,
2,11,0,0,0,,
3,2,0,0,0,,
3,3,0,0,0,,
3,4,0,0,0,,
3,8,0,0,0,,
3,9,0,0,0,,
4,4,0,0,0,,
4,5,0,0,0,,
4,6,0,0,0,,
4,7,0,0,0,,
5,5,0,0,0,,
5,6,0,0,0,,
5,7,0,0,0,,
6,5,0,0,0,,
6,6,0,0,0,,
6,7,0,0,0,,
6,8,0,0,0,,
7,3,0,0,0,,
7,4,0,0,0,,
7,7,0,0,0,,
7,8,0,0,0,,
7,9,0,0,0,,
7,10,0,0,0,,
8,1,0,0,0,,
8,2,0,0,0,,
8,3,0,0,0,,
8,9,0,0,0,,
8,10,0,0,0,,
8,11,0,0,0,,
9,1,0,0,0,,
,,,,,,
,,,,,,
,,,,,,
1,1,0,0,0,,thisMapaVsechPismenNaVsechRadcich.json
1,2,0,0,0,,
2,1,0,0,0,,
2,2,0,0,0,,
2,3,0,0,0,,
2,4,0,0,0,,
2,5,0,0,0,,
3,4,0,0,0,,
3,5,0,0,0,,
3,6,0,0,0,,
3,7,0,0,0,,
4,7,0,0,0,,
4,8,0,0,0,,
4,9,0,0,0,,
4,10,0,0,0,,
4,14,0,0,0,,
4,15,0,0,0,,
5,8,0,0,0,,
5,9,0,0,0,,
5,10,0,0,0,,
5,11,0,0,0,,
5,12,0,0,0,,
5,13,0,0,0,,
5,14,0,0,0,,
6,8,0,0,0,,
6,9,0,0,0,,
6,10,0,0,0,,
6,11,0,0,0,,
7,5,0,0,0,,
7,6,0,0,0,,
7,7,0,0,0,,
7,8,0,0,0,,
7,9,0,0,0,,
8,2,0,0,0,,
8,3,0,0,0,,
8,4,0,0,0,,
8,5,0,0,0,,
8,6,0,0,0,,
9,1,0,0,0,,
,,,,,,
,,,,,,
,,,,,,
1,1,0,0,0,,thisMapaVsechPismenNaVsechRadcich.json
1,2,0,0,0,,
1,9,0,0,0,,
1,10,0,0,0,,
1,11,0,0,0,,
2,1,0,0,0,,
2,2,0,0,0,,
2,7,0,0,0,,
2,8,0,0,0,,
2,9,0,0,0,,
2,10,0,0,0,,
2,11,0,0,0,,
3,1,0,0,0,,
3,2,0,0,0,,
3,6,0,0,0,,
3,7,0,0,0,,
3,10,0,0,0,,
3,11,0,0,0,,
4,1,0,0,0,,
4,2,0,0,0,,
4,4,0,0,0,,
4,5,0,0,0,,
4,6,0,0,0,,
4,10,0,0,0,,
4,11,0,0,0,,
5,1,0,0,0,,
5,2,0,0,0,,
5,3,0,0,0,,
5,4,0,0,0,,
5,10,0,0,0,,
5,11,0,0,0,,
6,1,0,0,0,,
6,2,0,0,0,,
6,10,0,0,0,,
,,,,,,
,,,,,,
,,,,,,
1,2,0,0,0,,thisMapaVsechPismenNaVsechRadcich.json
1,3,0,0,0,,
1,4,0,0,0,,
1,5,0,0,0,,
1,6,0,0,0,,
1,7,0,0,0,,
1,8,0,0,0,,
2,1,0,0,0,,
2,2,0,0,0,,
2,4,0,0,0,,
2,5,0,0,0,,
2,8,0,0,0,,
2,9,0,0,0,,
3,1,0,0,0,,
3,4,0,0,0,,
3,5,0,0,0,,
3,9,0,0,0,,
4,1,0,0,0,,
4,4,0,0,0,,
4,5,0,0,0,,
4,9,0,0,0,,
4,10,0,0,0,,
5,1,0,0,0,,
5,4,0,0,0,,
5,5,0,0,0,,
5,9,0,0,0,,
5,10,0,0,0,,
6,1,0,0,0,,
6,4,0,0,0,,
6,5,0,0,0,,
6,9,0,0,0,,
6,10,0,0,0,,
7,1,0,0,0,,
7,2,0,0,0,,
7,4,0,0,0,,
7,5,0,0,0,,
7,9,0,0,0,,
8,2,0,0,0,,
8,3,0,0,0,,
8,4,0,0,0,,
8,5,0,0,0,,
,,,,,,
,,,,,,
,,,,,,
1,1,0,0,0,,thisMapaVsechPismenNaVsechRadcich.json
1,5,0,0,0,,
1,6,0,0,0,,
1,7,0,0,0,,
1,8,0,0,0,,
1,9,0,0,0,,
2,1,0,0,0,,
2,5,0,0,0,,
2,9,0,0,0,,
3,1,0,0,0,,
3,5,0,0,0,,
3,9,0,0,0,,
3,10,0,0,0,,
4,1,0,0,0,,
4,4,0,0,0,,
4,5,0,0,0,,
4,9,0,0,0,,
4,10,0,0,0,,
5,1,0,0,0,,
5,4,0,0,0,,
5,5,0,0,0,,
5,9,0,0,0,,
6,1,0,0,0,,
6,4,0,0,0,,
6,5,0,0,0,,
6,9,0,0,0,,
7,1,0,0,0,,
7,2,0,0,0,,
7,3,0,0,0,,
7,4,0,0,0,,
7,5,0,0,0,,
7,6,0,0,0,,
7,7,0,0,0,,
7,8,0,0,0,,
7,9,0,0,0,,
8,2,0,0,0,,
8,3,0,0,0,,
8,4,0,0,0,,
8,5,0,0,0,,
8,6,0,0,0,,
8,7,0,0,0,,
8,8,0,0,0,,
8,9,0,0,0,,
,,,,,,
,,,,,,
,,,,,,
1,1,0,0,0,,thisMapaVsechPismenNaVsechRadcich.json
1,2,0,0,0,,
2,1,0,0,0,,
2,2,0,0,0,,
2,3,0,0,0,,
2,4,0,0,0,,
2,5,0,0,0,,
3,4,0,0,0,,
3,5,0,0,0,,
3,6,0,0,0,,
3,7,0,0,0,,
3,8,0,0,0,,
4,8,0,0,0,,
4,9,0,0,0,,
4,10,0,0,0,,
4,11,0,0,0,,
5,9,0,0,0,,
5,10,0,0,0,,
5,11,0,0,0,,
6,8,0,0,0,,
6,9,0,0,0,,
6,10,0,0,0,,
7,5,0,0,0,,
7,6,0,0,0,,
7,7,0,0,0,,
8,1,0,0,0,,
8,2,0,0,0,,
8,3,0,0,0,,
8,4,0,0,0,,
9,1,0,0,0,,
9,2,0,0,0,,
9,3,0,0,0,,
9,4,0,0,0,,
10,4,0,0,0,,
10,5,0,0,0,,
10,6,0,0,0,,
10,7,0,0,0,,
11,8,0,0,0,,
11,9,0,0,0,,
11,10,0,0,0,,
12,9,0,0,0,,
12,10,0,0,0,,
12,11,0,0,0,,
13,9,0,0,0,,
13,10,0,0,0,,
13,11,0,0,0,,
14,5,0,0,0,,
14,6,0,0,0,,
14,7,0,0,0,,
14,8,0,0,0,,
15,1,0,0,0,,
15,2,0,0,0,,
15,3,0,0,0,,
15,4,0,0,0,,
15,5,0,0,0,,
16,1,0,0,0,,
,,,,,,
,,,,,,
,,,,,,
1,7,0,0,0,,thisMapaVsechPismenNaVsechRadcich.json
1,8,0,0,0,,
1,9,0,0,0,,
1,10,0,0,0,,
1,11,0,0,0,,
1,12,0,0,0,,
1,13,0,0,0,,
2,6,0,0,0,,
2,7,0,0,0,,
2,13,0,0,0,,
2,14,0,0,0,,
3,6,0,0,0,,
3,14,0,0,0,,
3,15,0,0,0,,
4,5,0,0,0,,
4,6,0,0,0,,
4,14,0,0,0,,
4,15,0,0,0,,
5,6,0,0,0,,
5,14,0,0,0,,
6,6,0,0,0,,
6,14,0,0,0,,
7,6,0,0,0,,
7,7,0,0,0,,
7,13,0,0,0,,
8,1,0,0,0,,
8,2,0,0,0,,
8,3,0,0,0,,
8,4,0,0,0,,
8,5,0,0,0,,
8,6,0,0,0,,
8,7,0,0,0,,
8,8,0,0,0,,
8,9,0,0,0,,
8,10,0,0,0,,
8,11,0,0,0,,
8,12,0,0,0,,
8,13,0,0,0,,
9,1,0,0,0,,
9,2,0,0,0,,
9,3,0,0,0,,
9,4,0,0,0,,
9,5,0,0,0,,
9,6,0,0,0,,
9,7,0,0,0,,
9,8,0,0,0,,
9,9,0,0,0,,
9,10,0,0,0,,
9,11,0,0,0,,
9,12,0,0,0,,
9,13,0,0,0,,
9,14,0,0,0,,
,,,,,,
,,,,,,
,,,,,,
1,3,0,0,0,,thisMapaVsechPismenNaVsechRadcich.json
1,4,0,0,0,,
1,5,0,0,0,,
1,6,0,0,0,,
1,7,0,0,0,,
1,8,0,0,0,,
1,9,0,0,0,,
2,2,0,0,0,,
2,3,0,0,0,,
2,9,0,0,0,,
2,10,0,0,0,,
3,2,0,0,0,,
3,10,0,0,0,,
3,11,0,0,0,,
4,1,0,0,0,,
4,2,0,0,0,,
4,10,0,0,0,,
4,11,0,0,0,,
5,2,0,0,0,,
5,10,0,0,0,,
6,2,0,0,0,,
6,10,0,0,0,,
7,3,0,0,0,,
7,9,0,0,0,,
7,10,0,0,0,,
8,3,0,0,0,,
8,4,0,0,0,,
8,5,0,0,0,,
8,6,0,0,0,,
8,7,0,0,0,,
8,8,0,0,0,,
8,9,0,0,0,,
8,10,0,0,0,,
8,11,0,0,0,,
8,12,0,0,0,,
8,13,0,0,0,,
8,14,0,0,0,,
8,15,0,0,0,,
9,1,0,0,0,,
9,2,0,0,0,,
9,3,0,0,0,,
9,4,0,0,0,,
9,5,0,0,0,,
9,6,0,0,0,,
9,7,0,0,0,,
9,8,0,0,0,,
9,9,0,0,0,,
9,10,0,0,0,,
9,11,0,0,0,,
9,12,0,0,0,,
9,13,0,0,0,,
9,14,0,0,0,,
,,,,,,
,,,,,,
,,,,,,
1,3,0,0,0,,thisMapaVsechPismenNaVsechRadcich.json
1,4,0,0,0,,
1,5,0,0,0,,
1,6,0,0,0,,
1,7,0,0,0,,
1,8,0,0,0,,
1,9,0,0,0,,
2,2,0,0,0,,
2,3,0,0,0,,
2,9,0,0,0,,
2,10,0,0,0,,
3,2,0,0,0,,
3,10,0,0,0,,
3,11,0,0,0,,
4,1,0,0,0,,
4,2,0,0,0,,
4,10,0,0,0,,
4,11,0,0,0,,
5,2,0,0,0,,
5,10,0,0,0,,
6,2,0,0,0,,
6,10,0,0,0,,
7,3,0,0,0,,
7,9,0,0,0,,
7,10,0,0,0,,
8,3,0,0,0,,
8,4,0,0,0,,
8,5,0,0,0,,
8,6,0,0,0,,
8,7,0,0,0,,
8,8,0,0,0,,
8,9,0,0,0,,
8,10,0,0,0,,
8,11,0,0,0,,
8,12,0,0,0,,
8,13,0,0,0,,
8,14,0,0,0,,
8,15,0,0,0,,
9,1,0,0,0,,
9,2,0,0,0,,
9,3,0,0,0,,
9,4,0,0,0,,
9,5,0,0,0,,
9,6,0,0,0,,
9,7,0,0,0,,
9,8,0,0,0,,
9,9,0,0,0,,
9,10,0,0,0,,
9,11,0,0,0,,
9,12,0,0,0,,
9,13,0,0,0,,
9,14,0,0,0,,
,,,,,,
,,,,,,
,,,,,,
1,1,0,0,0,,thisMapaVsechPismenNaVsechRadcich.json
1,2,0,0,0,,
1,3,0,0,0,,
1,4,0,0,0,,
1,5,0,0,0,,
1,6,0,0,0,,
1,7,0,0,0,,
1,8,0,0,0,,
1,9,0,0,0,,
1,10,0,0,0,,
1,11,0,0,0,,
1,12,0,0,0,,
1,13,0,0,0,,
1,14,0,0,0,,
1,15,0,0,0,,
2,3,0,0,0,,
2,4,0,0,0,,
2,5,0,0,0,,
2,6,0,0,0,,
2,7,0,0,0,,
2,8,0,0,0,,
2,9,0,0,0,,
2,10,0,0,0,,
2,11,0,0,0,,
2,12,0,0,0,,
2,13,0,0,0,,
2,14,0,0,0,,
2,15,0,0,0,,
3,3,0,0,0,,
3,9,0,0,0,,
3,10,0,0,0,,
4,2,0,0,0,,
4,10,0,0,0,,
5,2,0,0,0,,
5,10,0,0,0,,
6,1,0,0,0,,
6,2,0,0,0,,
6,10,0,0,0,,
6,11,0,0,0,,
7,1,0,0,0,,
7,2,0,0,0,,
7,10,0,0,0,,
7,11,0,0,0,,
8,2,0,0,0,,
8,3,0,0,0,,
8,9,0,0,0,,
8,10,0,0,0,,
9,3,0,0,0,,
9,4,0,0,0,,
9,5,0,0,0,,
9,6,0,0,0,,
9,7,0,0,0,,
9,8,0,0,0,,
,,,,,,
,,,,,,
,,,,,,
1,1,0,0,0,,thisMapaVsechPismenNaVsechRadcich.json
1,2,0,0,0,,
1,3,0,0,0,,
1,4,0,0,0,,
1,5,0,0,0,,
1,6,0,0,0,,
1,7,0,0,0,,
1,8,0,0,0,,
1,9,0,0,0,,
1,10,0,0,0,,
1,11,0,0,0,,
2,3,0,0,0,,
2,4,0,0,0,,
2,5,0,0,0,,
2,6,0,0,0,,
2,7,0,0,0,,
2,8,0,0,0,,
2,9,0,0,0,,
2,10,0,0,0,,
2,11,0,0,0,,
3,3,0,0,0,,
3,4,0,0,0,,
4,2,0,0,0,,
4,3,0,0,0,,
5,1,0,0,0,,
5,2,0,0,0,,
5,3,0,0,0,,
6,2,0,0,0,,
,,,,,,
,,,,,,
,,,,,,
1,2,0,0,0,,thisMapaVsechPismenNaVsechRadcich.json
1,3,0,0,0,,
1,4,0,0,0,,
1,5,0,0,0,,
1,10,0,0,0,,
2,2,0,0,0,,
2,5,0,0,0,,
2,6,0,0,0,,
2,10,0,0,0,,
2,11,0,0,0,,
3,1,0,0,0,,
3,2,0,0,0,,
3,5,0,0,0,,
3,6,0,0,0,,
3,10,0,0,0,,
3,11,0,0,0,,
4,1,0,0,0,,
4,2,0,0,0,,
4,6,0,0,0,,
4,10,0,0,0,,
4,11,0,0,0,,
5,2,0,0,0,,
5,6,0,0,0,,
5,7,0,0,0,,
5,10,0,0,0,,
6,2,0,0,0,,
6,7,0,0,0,,
6,8,0,0,0,,
6,9,0,0,0,,
,,,,,,
,,,,,,
,,,,,,
1,3,0,0,0,,thisMapaVsechPismenNaVsechRadcich.json
1,4,0,0,0,,
2,3,0,0,0,,
2,4,0,0,0,,
3,1,0,0,0,,
3,2,0,0,0,,
3,3,0,0,0,,
3,4,0,0,0,,
3,5,0,0,0,,
3,6,0,0,0,,
3,7,0,0,0,,
3,8,0,0,0,,
3,9,0,0,0,,
3,10,0,0,0,,
3,11,0,0,0,,
3,12,0,0,0,,
4,3,0,0,0,,
4,4,0,0,0,,
4,12,0,0,0,,
4,13,0,0,0,,
5,3,0,0,0,,
5,4,0,0,0,,
5,12,0,0,0,,
5,13,0,0,0,,
6,3,0,0,0,,
6,4,0,0,0,,
,,,,,,
,,,,,,
,,,,,,
,,,,,,
,,,,,,
,,,,,,
,,,,,,
,,,,,,
DataView 3-49,3,49,,,,
DataView 52-106,52,106,,,,
DataView 109-134,109,134,,,,
DataView 137-174,137,174,,,,
DataView 177-217,177,217,,,,
DataView 220-255,220,255,,,,
DataView 258-300,258,300,,,,
DataView 303-347,303,347,,,,
DataView 350-407,350,407,,,,
DataView 410-463,410,463,,,,
DataView 466-519,466,519,,,,
DataView 522-575,522,575,,,,
DataView 578-632,578,632,,,,
DataView 635-664,635,664,,,,
DataView 667-697,667,697,,,,
DataView 700-727,700,727,,,,
DataView 730-782,730,782,,,,
DataView 785-837,785,837,,,,
DataView 840-893,840,893,,,,
DataView 896-924,896,924,,,,
DataView 927-956,927,956,,,,
DataView 959-985,959,985,,,,
DataView 988-1033,988,1033,,,,
DataView 1036-1089,1036,1089,,,,
DataView 1092-1116,1092,1116,,,,
DataView 1119-1155,1119,1155,,,,
DataView 1158-1197,1158,1197,,,,
DataView 1200-1234,1200,1234,,,,
DataView 1237-1278,1237,1278,,,,
DataView 1281-1324,1281,1324,,,,
DataView 1327-1383,1327,1383,,,,
DataView 1386-1438,1386,1438,,,,
DataView 1441-1493,1441,1493,,,,
DataView 1496-1548,1496,1548,,,,
DataView 1551-1604,1551,1604,,,,
DataView 1607-1635,1607,1635,,,,
DataView 1638-1667,1638,1667,,,,
DataView 1670-1696,1670,1696,,,,
DataView 1701-1800,1701,1800,,,,
DataView 1802-1901,1802,1901,,,,
DataView 1903-2002,1903,2002,,,,
DataView 2004-2103,2004,2103,,,,
DataView 2105-2204,2105,2204,,,,
DataView 2206-2305,2206,2305,,,,
DataView 2307-2406,2307,2406,,,,
DataView 2408-2507,2408,2507,,,,
DataView 2509-2608,2509,2608,,,,
DataView 2610-2709,2610,2709,,,,
DataView 2711-2810,2711,2810,,,,
DataView 2812-2911,2812,2911,,,,
DataView 2913-3012,2913,3012,,,,
DataView 3014-3113,3014,3113,,,,
DataView 3115-3214,3115,3214,,,,
DataView 3216-3315,3216,3315,,,,
DataView 3317-3416,3317,3416,,,,
DataView 3418-3517,3418,3517,,,,
DataView 3519-3618,3519,3618,,,,
DataView 3620-3719,3620,3719,,,,
DataView 3721-3820,3721,3820,,,,
DataView 3822-3921,3822,3921,,,,
DataView 3923-4022,3923,4022,,,,
DataView 4024-4123,4024,4123,,,,
DataView 4125-4224,4125,4224,,,,
DataView 4226-4325,4226,4325,,,,
DataView 4327-4426,4327,4426,,,,
DataView 4428-4527,4428,4527,,,,
DataView 4529-4628,4529,4628,,,,
DataView 4630-4729,4630,4729,,,,
DataView 4731-4830,4731,4830,,,,
DataView 4832-4931,4832,4931,,,,
DataView 4933-5032,4933,5032,,,,
DataView 5034-5133,5034,5133,,,,
DataView 5135-5234,5135,5234,,,,
DataView 5236-5335,5236,5335,,,,
DataView 5337-5436,5337,5436,,,,
DataView 5438-5537,5438,5537,,,,
DataView 5539-5638,5539,5638,,,,
DataView 5640-5739,5640,5739,,,,
DataView 5741-5840,5741,5840,,,,
DataView 5842-5941,5842,5941,,,,
DataView 5943-6042,5943,6042,,,,
DataView 6044-6143,6044,6143,,,,
DataView 6145-6244,6145,6244,,,,
DataView 6246-6345,6246,6345,,,,
DataView 6347-6446,6347,6446,,,,
DataView 6448-6547,6448,6547,,,,
DataView 6549-6648,6549,6648,,,,
DataView 6650-6749,6650,6749,,,,
DataView 6751-6850,6751,6850,,,,
DataView 6852-6951,6852,6951,,,,
DataView 6953-7052,6953,7052,,,,
DataView 7054-7153,7054,7153,,,,
DataView 7155-7254,7155,7254,,,,
DataView 7256-7355,7256,7355,,,,
DataView 7357-7456,7357,7456,,,,
DataView 7458-7557,7458,7557,,,,
DataView 7559-7658,7559,7658,,,,
DataView 7660-7759,7660,7759,,,,
DataView 7761-7860,7761,7860,,,,
DataView 7863-7908,7863,7908,,,,
DataView 7911-7964,7911,7964,,,,
DataView 7967-7991,7967,7991,,,,
DataView 7994-8030,7994,8030,,,,
DataView 8033-8072,8033,8072,,,,
DataView 8075-8109,8075,8109,,,,
DataView 8112-8153,8112,8153,,,,
DataView 8156-8199,8156,8199,,,,
DataView 8202-8258,8202,8258,,,,
DataView 8261-8313,8261,8313,,,,
DataView 8316-8368,8316,8368,,,,
DataView 8371-8423,8371,8423,,,,
DataView 8426-8479,8426,8479,,,,
DataView 8482-8510,8482,8510,,,,
DataView 8513-8542,8513,8542,,,,
DataView 8545-8571,8545,8571,,,,
